REPO,SHA,CONFIG_PARAMETER,TEST_NAME,VALUE,TYPE(GOOD|BAD),EXPECTATION(PASS|FAIL)
https://github.com/apache/hadoop.git,a3b9c37a397ad4188041dd80621bdeefc46885f2,hadoop.security.crypto.cipher.suite,org.apache.hadoop.crypto.TestCryptoStreams#testAvailable,AES/CTR/NoPadding,GOOD,PASS
https://github.com/apache/hadoop.git,a3b9c37a397ad4188041dd80621bdeefc46885f2,hadoop.security.crypto.cipher.suite,org.apache.hadoop.crypto.TestCryptoStreams#testAvailable,AES/CTR/Padding,BAD,FAIL
https://github.com/apache/hadoop.git,a3b9c37a397ad4188041dd80621bdeefc46885f2,hadoop.security.kms.client.timeout,org.apache.hadoop.crypto.key.kms.TestLoadBalancingKMSClientProvider#testGetActualUGI,60,GOOD,PASS
https://github.com/apache/hadoop.git,a3b9c37a397ad4188041dd80621bdeefc46885f2,hadoop.security.kms.client.timeout,org.apache.hadoop.crypto.key.kms.TestLoadBalancingKMSClientProvider#testGetActualUGI,100,GOOD,PASS
https://github.com/apache/hadoop.git,a3b9c37a397ad4188041dd80621bdeefc46885f2,hadoop.security.kms.client.timeout,org.apache.hadoop.crypto.key.kms.TestLoadBalancingKMSClientProvider#testGetActualUGI,120,GOOD,PASS
https://github.com/apache/hadoop.git,a3b9c37a397ad4188041dd80621bdeefc46885f2,hadoop.security.kms.client.timeout,org.apache.hadoop.crypto.key.kms.TestLoadBalancingKMSClientProvider#testGetActualUGI,abc,BAD,FAIL
https://github.com/apache/hadoop.git,a3b9c37a397ad4188041dd80621bdeefc46885f2,hadoop.kerberos.keytab.login.autorenewal.enabled,org.apache.hadoop.crypto.key.kms.TestLoadBalancingKMSClientProvider#testGetActualUGI,false,GOOD,PASS
https://github.com/apache/hadoop.git,a3b9c37a397ad4188041dd80621bdeefc46885f2,hadoop.kerberos.keytab.login.autorenewal.enabled,org.apache.hadoop.crypto.key.kms.TestLoadBalancingKMSClientProvider#testGetActualUGI,true,GOOD,PASS
https://github.com/apache/hadoop.git,a3b9c37a397ad4188041dd80621bdeefc46885f2,hadoop.security.group.mapping,org.apache.hadoop.crypto.key.kms.TestLoadBalancingKMSClientProvider#testGetActualUGI,org.apache.hadoop.security.JniBasedUnixGroupsMappingWithFallback,GOOD,PASS
https://github.com/apache/hadoop.git,a3b9c37a397ad4188041dd80621bdeefc46885f2,hadoop.security.group.mapping,org.apache.hadoop.crypto.key.kms.TestLoadBalancingKMSClientProvider#testGetActualUGI,org.apache.hadoop.security,BAD,FAIL
https://github.com/apache/hadoop.git,a3b9c37a397ad4188041dd80621bdeefc46885f2,hadoop.security.auth_to_local.mechanism,org.apache.hadoop.crypto.key.kms.TestLoadBalancingKMSClientProvider#testGetActualUGI,hadoop,GOOD,PASS
https://github.com/apache/hadoop.git,a3b9c37a397ad4188041dd80621bdeefc46885f2,hadoop.security.auth_to_local.mechanism,org.apache.hadoop.crypto.key.kms.TestLoadBalancingKMSClientProvider#testGetActualUGI,MIT,GOOD,PASS
https://github.com/apache/hadoop.git,a3b9c37a397ad4188041dd80621bdeefc46885f2,hadoop.security.auth_to_local.mechanism,org.apache.hadoop.crypto.key.kms.TestLoadBalancingKMSClientProvider#testGetActualUGI,hadoopandMIT,BAD,FAIL
https://github.com/apache/hadoop.git,a3b9c37a397ad4188041dd80621bdeefc46885f2,hadoop.kerberos.min.seconds.before.relogin,org.apache.hadoop.crypto.key.kms.TestLoadBalancingKMSClientProvider#testGetActualUGI,60,GOOD,PASS
https://github.com/apache/hadoop.git,a3b9c37a397ad4188041dd80621bdeefc46885f2,hadoop.kerberos.min.seconds.before.relogin,org.apache.hadoop.crypto.key.kms.TestLoadBalancingKMSClientProvider#testGetActualUGI,100,GOOD,PASS
https://github.com/apache/hadoop.git,a3b9c37a397ad4188041dd80621bdeefc46885f2,hadoop.kerberos.min.seconds.before.relogin,org.apache.hadoop.crypto.key.kms.TestLoadBalancingKMSClientProvider#testGetActualUGI,120,GOOD,PASS
https://github.com/apache/hadoop.git,a3b9c37a397ad4188041dd80621bdeefc46885f2,hadoop.security.kms.client.authentication.retry-count,org.apache.hadoop.crypto.key.kms.TestLoadBalancingKMSClientProvider#testGetActualUGI,1,GOOD,PASS
https://github.com/apache/hadoop.git,a3b9c37a397ad4188041dd80621bdeefc46885f2,hadoop.security.kms.client.authentication.retry-count,org.apache.hadoop.crypto.key.kms.TestLoadBalancingKMSClientProvider#testGetActualUGI,2,GOOD,PASS
https://github.com/apache/hadoop.git,a3b9c37a397ad4188041dd80621bdeefc46885f2,hadoop.security.kms.client.authentication.retry-count,org.apache.hadoop.crypto.key.kms.TestLoadBalancingKMSClientProvider#testGetActualUGI,3,GOOD,PASS
https://github.com/apache/hadoop.git,a3b9c37a397ad4188041dd80621bdeefc46885f2,hadoop.security.groups.cache.background.reload,org.apache.hadoop.crypto.key.kms.TestLoadBalancingKMSClientProvider#testGetActualUGI,true,GOOD,PASS
https://github.com/apache/hadoop.git,a3b9c37a397ad4188041dd80621bdeefc46885f2,hadoop.security.groups.cache.background.reload,org.apache.hadoop.crypto.key.kms.TestLoadBalancingKMSClientProvider#testGetActualUGI,false,GOOD,PASS
https://github.com/apache/hadoop.git,a3b9c37a397ad4188041dd80621bdeefc46885f2,hadoop.security.kms.client.failover.sleep.base.millis,org.apache.hadoop.crypto.key.kms.TestLoadBalancingKMSClientProvider#testGetActualUGI,100,GOOD,PASS
https://github.com/apache/hadoop.git,a3b9c37a397ad4188041dd80621bdeefc46885f2,hadoop.security.kms.client.failover.sleep.base.millis,org.apache.hadoop.crypto.key.kms.TestLoadBalancingKMSClientProvider#testGetActualUGI,120,GOOD,PASS
https://github.com/apache/hadoop.git,a3b9c37a397ad4188041dd80621bdeefc46885f2,hadoop.security.kms.client.failover.sleep.base.millis,org.apache.hadoop.crypto.key.kms.TestLoadBalancingKMSClientProvider#testGetActualUGI,150,GOOD,PASS
https://github.com/apache/hadoop.git,a3b9c37a397ad4188041dd80621bdeefc46885f2,hadoop.security.groups.negative-cache.secs,org.apache.hadoop.crypto.key.kms.TestLoadBalancingKMSClientProvider#testGetActualUGI,30,GOOD,PASS
https://github.com/apache/hadoop.git,a3b9c37a397ad4188041dd80621bdeefc46885f2,hadoop.security.groups.negative-cache.secs,org.apache.hadoop.crypto.key.kms.TestLoadBalancingKMSClientProvider#testGetActualUGI,50,GOOD,PASS
https://github.com/apache/hadoop.git,a3b9c37a397ad4188041dd80621bdeefc46885f2,hadoop.security.groups.negative-cache.secs,org.apache.hadoop.crypto.key.kms.TestLoadBalancingKMSClientProvider#testGetActualUGI,70,GOOD,PASS
https://github.com/apache/hadoop.git,a3b9c37a397ad4188041dd80621bdeefc46885f2,hadoop.security.dns.log-slow-lookups.threshold.ms,org.apache.hadoop.crypto.key.kms.TestLoadBalancingKMSClientProvider#testGetActualUGI,1000,GOOD,PASS
https://github.com/apache/hadoop.git,a3b9c37a397ad4188041dd80621bdeefc46885f2,hadoop.security.dns.log-slow-lookups.threshold.ms,org.apache.hadoop.crypto.key.kms.TestLoadBalancingKMSClientProvider#testGetActualUGI,1200,GOOD,PASS
https://github.com/apache/hadoop.git,a3b9c37a397ad4188041dd80621bdeefc46885f2,hadoop.security.dns.log-slow-lookups.threshold.ms,org.apache.hadoop.crypto.key.kms.TestLoadBalancingKMSClientProvider#testGetActualUGI,1500,GOOD,PASS
https://github.com/apache/hadoop.git,a3b9c37a397ad4188041dd80621bdeefc46885f2,hadoop.security.crypto.jceks.key.serialfilter,org.apache.hadoop.crypto.key.kms.TestLoadBalancingKMSClientProvider#testGetActualUGI,java.lang.Enum,GOOD,PASS
https://github.com/apache/hadoop.git,a3b9c37a397ad4188041dd80621bdeefc46885f2,hadoop.security.crypto.jceks.key.serialfilter,org.apache.hadoop.crypto.key.kms.TestLoadBalancingKMSClientProvider#testGetActualUGI,java.security.KeyRep,GOOD,PASS
https://github.com/apache/hadoop.git,a3b9c37a397ad4188041dd80621bdeefc46885f2,hadoop.security.crypto.jceks.key.serialfilter,org.apache.hadoop.crypto.key.kms.TestLoadBalancingKMSClientProvider#testGetActualUGI,java.security.KeyRep$Type,GOOD,PASS
https://github.com/apache/hadoop.git,a3b9c37a397ad4188041dd80621bdeefc46885f2,hadoop.security.kms.client.failover.sleep.max.millis,org.apache.hadoop.crypto.key.kms.TestLoadBalancingKMSClientProvider#testGetActualUGI,2000,GOOD,PASS
https://github.com/apache/hadoop.git,a3b9c37a397ad4188041dd80621bdeefc46885f2,hadoop.security.kms.client.failover.sleep.max.millis,org.apache.hadoop.crypto.key.kms.TestLoadBalancingKMSClientProvider#testGetActualUGI,2500,GOOD,PASS
https://github.com/apache/hadoop.git,a3b9c37a397ad4188041dd80621bdeefc46885f2,hadoop.security.kms.client.failover.sleep.max.millis,org.apache.hadoop.crypto.key.kms.TestLoadBalancingKMSClientProvider#testGetActualUGI,3000,GOOD,PASS
https://github.com/apache/hadoop.git,a3b9c37a397ad4188041dd80621bdeefc46885f2,hadoop.security.kms.client.failover.sleep.max.millis,org.apache.hadoop.crypto.key.kms.TestLoadBalancingKMSClientProvider#testGetActualUGI,abcd,BAD,FAIL
https://github.com/apache/hadoop.git,a3b9c37a397ad4188041dd80621bdeefc46885f2,hadoop.security.kms.client.encrypted.key.cache.expiry,org.apache.hadoop.crypto.key.kms.TestLoadBalancingKMSClientProvider#testGetActualUGI,43200000,GOOD,PASS
https://github.com/apache/hadoop.git,a3b9c37a397ad4188041dd80621bdeefc46885f2,hadoop.security.kms.client.encrypted.key.cache.expiry,org.apache.hadoop.crypto.key.kms.TestLoadBalancingKMSClientProvider#testGetActualUGI,43100000,GOOD,PASS
https://github.com/apache/hadoop.git,a3b9c37a397ad4188041dd80621bdeefc46885f2,hadoop.security.kms.client.encrypted.key.cache.expiry,org.apache.hadoop.crypto.key.kms.TestLoadBalancingKMSClientProvider#testGetActualUGI,43000000,GOOD,PASS
https://github.com/apache/hadoop.git,a3b9c37a397ad4188041dd80621bdeefc46885f2,hadoop.security.groups.cache.background.reload.threads,org.apache.hadoop.crypto.key.kms.TestLoadBalancingKMSClientProvider#testGetActualUGI,3,GOOD,PASS
https://github.com/apache/hadoop.git,a3b9c37a397ad4188041dd80621bdeefc46885f2,hadoop.security.groups.cache.background.reload.threads,org.apache.hadoop.crypto.key.kms.TestLoadBalancingKMSClientProvider#testGetActualUGI,4,GOOD,PASS
https://github.com/apache/hadoop.git,a3b9c37a397ad4188041dd80621bdeefc46885f2,hadoop.security.groups.cache.background.reload.threads,org.apache.hadoop.crypto.key.kms.TestLoadBalancingKMSClientProvider#testGetActualUGI,5,GOOD,PASS
https://github.com/apache/hadoop.git,a3b9c37a397ad4188041dd80621bdeefc46885f2,hadoop.security.groups.cache.background.reload.threads,org.apache.hadoop.crypto.key.kms.TestLoadBalancingKMSClientProvider#testGetActualUGI,x,BAD,FAIL
https://github.com/apache/hadoop.git,a3b9c37a397ad4188041dd80621bdeefc46885f2,hadoop.security.kms.client.encrypted.key.cache.size,org.apache.hadoop.crypto.key.kms.TestLoadBalancingKMSClientProvider#testGetActualUGI,500,GOOD,PASS
https://github.com/apache/hadoop.git,a3b9c37a397ad4188041dd80621bdeefc46885f2,hadoop.security.kms.client.encrypted.key.cache.size,org.apache.hadoop.crypto.key.kms.TestLoadBalancingKMSClientProvider#testGetActualUGI,1000,GOOD,PASS
https://github.com/apache/hadoop.git,a3b9c37a397ad4188041dd80621bdeefc46885f2,hadoop.security.kms.client.encrypted.key.cache.size,org.apache.hadoop.crypto.key.kms.TestLoadBalancingKMSClientProvider#testGetActualUGI,1500,GOOD,PASS
https://github.com/apache/hadoop.git,a3b9c37a397ad4188041dd80621bdeefc46885f2,hadoop.security.kms.client.encrypted.key.cache.size,org.apache.hadoop.crypto.key.kms.TestLoadBalancingKMSClientProvider#testGetActualUGI,x,BAD,FAIL
https://github.com/apache/hadoop.git,a3b9c37a397ad4188041dd80621bdeefc46885f2,hadoop.security.kms.client.encrypted.key.cache.num.refill.threads,org.apache.hadoop.crypto.key.kms.TestLoadBalancingKMSClientProvider#testGetActualUGI,2,GOOD,PASS
https://github.com/apache/hadoop.git,a3b9c37a397ad4188041dd80621bdeefc46885f2,hadoop.security.kms.client.encrypted.key.cache.num.refill.threads,org.apache.hadoop.crypto.key.kms.TestLoadBalancingKMSClientProvider#testGetActualUGI,3,GOOD,PASS
https://github.com/apache/hadoop.git,a3b9c37a397ad4188041dd80621bdeefc46885f2,hadoop.security.kms.client.encrypted.key.cache.num.refill.threads,org.apache.hadoop.crypto.key.kms.TestLoadBalancingKMSClientProvider#testGetActualUGI,4,GOOD,PASS
https://github.com/apache/hadoop.git,a3b9c37a397ad4188041dd80621bdeefc46885f2,hadoop.security.kms.client.encrypted.key.cache.num.refill.threads,org.apache.hadoop.crypto.key.kms.TestLoadBalancingKMSClientProvider#testGetActualUGI,x,BAD,FAIL
https://github.com/apache/hadoop.git,a3b9c37a397ad4188041dd80621bdeefc46885f2,hadoop.security.auth_to_local,org.apache.hadoop.crypto.key.kms.TestLoadBalancingKMSClientProvider#testGetActualUGI,DEFAULT,GOOD,PASS
https://github.com/apache/hadoop.git,a3b9c37a397ad4188041dd80621bdeefc46885f2,hadoop.security.auth_to_local,org.apache.hadoop.crypto.key.kms.TestLoadBalancingKMSClientProvider#testGetActualUGI,RULE:[2:$1/$2@$0](jhs/.*@REALM\.TLD)s/.*/mapred/,GOOD,PASS
https://github.com/apache/hadoop.git,a3b9c37a397ad4188041dd80621bdeefc46885f2,hadoop.security.auth_to_local,org.apache.hadoop.crypto.key.kms.TestLoadBalancingKMSClientProvider#testGetActualUGI,RULE:[2:$1/$2@$0]([rn]m/.*@REALM\.TLD)s/.*/yarn/,GOOD,PASS
https://github.com/apache/hadoop.git,a3b9c37a397ad4188041dd80621bdeefc46885f2,hadoop.security.groups.cache.warn.after.ms,org.apache.hadoop.crypto.key.kms.TestLoadBalancingKMSClientProvider#testGetActualUGI,5000,GOOD,PASS
https://github.com/apache/hadoop.git,a3b9c37a397ad4188041dd80621bdeefc46885f2,hadoop.security.groups.cache.warn.after.ms,org.apache.hadoop.crypto.key.kms.TestLoadBalancingKMSClientProvider#testGetActualUGI,7000,GOOD,PASS
https://github.com/apache/hadoop.git,a3b9c37a397ad4188041dd80621bdeefc46885f2,hadoop.security.groups.cache.warn.after.ms,org.apache.hadoop.crypto.key.kms.TestLoadBalancingKMSClientProvider#testGetActualUGI,10000,GOOD,PASS
https://github.com/apache/hadoop.git,a3b9c37a397ad4188041dd80621bdeefc46885f2,hadoop.security.dns.log-slow-lookups.enabled,org.apache.hadoop.crypto.key.kms.TestLoadBalancingKMSClientProvider#testGetActualUGI,false,GOOD,PASS
https://github.com/apache/hadoop.git,a3b9c37a397ad4188041dd80621bdeefc46885f2,hadoop.security.dns.log-slow-lookups.enabled,org.apache.hadoop.crypto.key.kms.TestLoadBalancingKMSClientProvider#testGetActualUGI,true,GOOD,PASS
https://github.com/apache/hadoop.git,a3b9c37a397ad4188041dd80621bdeefc46885f2,hadoop.security.kms.client.encrypted.key.cache.low-watermark,org.apache.hadoop.crypto.key.kms.TestLoadBalancingKMSClientProvider#testGetActualUGI,0.3f,GOOD,PASS
https://github.com/apache/hadoop.git,a3b9c37a397ad4188041dd80621bdeefc46885f2,hadoop.security.kms.client.encrypted.key.cache.low-watermark,org.apache.hadoop.crypto.key.kms.TestLoadBalancingKMSClientProvider#testGetActualUGI,0.4f,GOOD,PASS
https://github.com/apache/hadoop.git,a3b9c37a397ad4188041dd80621bdeefc46885f2,hadoop.security.kms.client.encrypted.key.cache.low-watermark,org.apache.hadoop.crypto.key.kms.TestLoadBalancingKMSClientProvider#testGetActualUGI,0.5f,GOOD,PASS
https://github.com/apache/hadoop.git,a3b9c37a397ad4188041dd80621bdeefc46885f2,hadoop.security.groups.cache.secs,org.apache.hadoop.crypto.key.kms.TestLoadBalancingKMSClientProvider#testGetActualUGI,300,GOOD,PASS
https://github.com/apache/hadoop.git,a3b9c37a397ad4188041dd80621bdeefc46885f2,hadoop.security.groups.cache.secs,org.apache.hadoop.crypto.key.kms.TestLoadBalancingKMSClientProvider#testGetActualUGI,400,GOOD,PASS
https://github.com/apache/hadoop.git,a3b9c37a397ad4188041dd80621bdeefc46885f2,hadoop.security.groups.cache.secs,org.apache.hadoop.crypto.key.kms.TestLoadBalancingKMSClientProvider#testGetActualUGI,500,GOOD,PASS
https://github.com/apache/hadoop.git,a3b9c37a397ad4188041dd80621bdeefc46885f2,hadoop.user.group.static.mapping.overrides,org.apache.hadoop.crypto.key.kms.TestLoadBalancingKMSClientProvider#testGetActualUGI,dr.who=;,GOOD,PASS
https://github.com/apache/hadoop.git,a3b9c37a397ad4188041dd80621bdeefc46885f2,hadoop.user.group.static.mapping.overrides,org.apache.hadoop.crypto.key.kms.TestLoadBalancingKMSClientProvider#testGetActualUGI,user1=group1;,GOOD,PASS
https://github.com/apache/hadoop.git,a3b9c37a397ad4188041dd80621bdeefc46885f2,hadoop.user.group.static.mapping.overrides,org.apache.hadoop.crypto.key.kms.TestLoadBalancingKMSClientProvider#testGetActualUGI,dr.who=group1;,GOOD,PASS
https://github.com/apache/hadoop.git,a3b9c37a397ad4188041dd80621bdeefc46885f2,hadoop.service.shutdown.timeout,org.apache.hadoop.service.launcher.TestServiceConf#testRunService,30s,GOOD,PASS
https://github.com/apache/hadoop.git,a3b9c37a397ad4188041dd80621bdeefc46885f2,hadoop.service.shutdown.timeout,org.apache.hadoop.service.launcher.TestServiceConf#testRunService,60s,GOOD,PASS
https://github.com/apache/hadoop.git,a3b9c37a397ad4188041dd80621bdeefc46885f2,hadoop.service.shutdown.timeout,org.apache.hadoop.service.launcher.TestServiceConf#testRunService,1m,GOOD,PASS
https://github.com/apache/hadoop.git,a3b9c37a397ad4188041dd80621bdeefc46885f2,hadoop.service.shutdown.timeout,org.apache.hadoop.service.launcher.TestServiceConf#testRunService,abcdegf,BAD,FAIL
https://github.com/apache/hadoop.git,a3b9c37a397ad4188041dd80621bdeefc46885f2,hadoop.security.key.default.bitlength,org.apache.hadoop.crypto.key.kms.TestLoadBalancingKMSClientProvider#testClientRetriesNonIdempotentOpWithIOExceptionFailsImmediately,64,GOOD,PASS
https://github.com/apache/hadoop.git,a3b9c37a397ad4188041dd80621bdeefc46885f2,hadoop.security.key.default.bitlength,org.apache.hadoop.crypto.key.kms.TestLoadBalancingKMSClientProvider#testClientRetriesNonIdempotentOpWithIOExceptionFailsImmediately,128,GOOD,PASS
https://github.com/apache/hadoop.git,a3b9c37a397ad4188041dd80621bdeefc46885f2,hadoop.security.key.default.bitlength,org.apache.hadoop.crypto.key.kms.TestLoadBalancingKMSClientProvider#testClientRetriesNonIdempotentOpWithIOExceptionFailsImmediately,256,GOOD,PASS
https://github.com/apache/hadoop.git,a3b9c37a397ad4188041dd80621bdeefc46885f2,hadoop.security.key.default.bitlength,org.apache.hadoop.crypto.key.kms.TestLoadBalancingKMSClientProvider#testClientRetriesNonIdempotentOpWithIOExceptionFailsImmediately,abc,BAD,FAIL
https://github.com/apache/hadoop.git,a3b9c37a397ad4188041dd80621bdeefc46885f2,hadoop.security.key.default.cipher,org.apache.hadoop.crypto.key.kms.TestLoadBalancingKMSClientProvider#testClientRetriesNonIdempotentOpWithIOExceptionFailsImmediately,AES/CTR/NoPadding,GOOD,PASS
https://github.com/apache/hadoop.git,a3b9c37a397ad4188041dd80621bdeefc46885f2,hadoop.security.key.default.cipher,org.apache.hadoop.crypto.key.kms.TestLoadBalancingKMSClientProvider#testClientRetriesNonIdempotentOpWithIOExceptionFailsImmediately,SHA256,GOOD,PASS
https://github.com/apache/hadoop.git,a3b9c37a397ad4188041dd80621bdeefc46885f2,hadoop.security.key.default.cipher,org.apache.hadoop.crypto.key.kms.TestLoadBalancingKMSClientProvider#testClientRetriesNonIdempotentOpWithIOExceptionFailsImmediately,SHA1024,GOOD,PASS
https://github.com/apache/hadoop.git,a3b9c37a397ad4188041dd80621bdeefc46885f2,hadoop.security.kms.client.failover.sleep.base.millis,org.apache.hadoop.crypto.key.kms.TestLoadBalancingKMSClientProvider#testClientRetriesNonIdempotentOpWithIOExceptionFailsImmediately,100,GOOD,PASS
https://github.com/apache/hadoop.git,a3b9c37a397ad4188041dd80621bdeefc46885f2,hadoop.security.kms.client.failover.sleep.base.millis,org.apache.hadoop.crypto.key.kms.TestLoadBalancingKMSClientProvider#testClientRetriesNonIdempotentOpWithIOExceptionFailsImmediately,200,GOOD,PASS
https://github.com/apache/hadoop.git,a3b9c37a397ad4188041dd80621bdeefc46885f2,hadoop.security.kms.client.failover.sleep.base.millis,org.apache.hadoop.crypto.key.kms.TestLoadBalancingKMSClientProvider#testClientRetriesNonIdempotentOpWithIOExceptionFailsImmediately,300,GOOD,PASS
https://github.com/apache/hadoop.git,a3b9c37a397ad4188041dd80621bdeefc46885f2,hadoop.security.dns.log-slow-lookups.enabled,org.apache.hadoop.crypto.key.kms.TestLoadBalancingKMSClientProvider#testClientRetriesNonIdempotentOpWithIOExceptionFailsImmediately,true,GOOD,PASS
https://github.com/apache/hadoop.git,a3b9c37a397ad4188041dd80621bdeefc46885f2,hadoop.security.dns.log-slow-lookups.enabled,org.apache.hadoop.crypto.key.kms.TestLoadBalancingKMSClientProvider#testClientRetriesNonIdempotentOpWithIOExceptionFailsImmediately,false,GOOD,PASS
https://github.com/apache/hadoop.git,a3b9c37a397ad4188041dd80621bdeefc46885f2,hadoop.security.dns.log-slow-lookups.threshold.ms,org.apache.hadoop.crypto.key.kms.TestLoadBalancingKMSClientProvider#testClientRetriesNonIdempotentOpWithIOExceptionFailsImmediately,1000,GOOD,PASS
https://github.com/apache/hadoop.git,a3b9c37a397ad4188041dd80621bdeefc46885f2,hadoop.security.dns.log-slow-lookups.threshold.ms,org.apache.hadoop.crypto.key.kms.TestLoadBalancingKMSClientProvider#testClientRetriesNonIdempotentOpWithIOExceptionFailsImmediately,2000,GOOD,PASS
https://github.com/apache/hadoop.git,a3b9c37a397ad4188041dd80621bdeefc46885f2,hadoop.security.dns.log-slow-lookups.threshold.ms,org.apache.hadoop.crypto.key.kms.TestLoadBalancingKMSClientProvider#testClientRetriesNonIdempotentOpWithIOExceptionFailsImmediately,3000,GOOD,PASS
https://github.com/apache/hadoop.git,a3b9c37a397ad4188041dd80621bdeefc46885f2,hadoop.security.kms.client.failover.sleep.max.millis,org.apache.hadoop.crypto.key.kms.TestLoadBalancingKMSClientProvider#testClientRetriesNonIdempotentOpWithIOExceptionFailsImmediately,2000,GOOD,PASS
https://github.com/apache/hadoop.git,a3b9c37a397ad4188041dd80621bdeefc46885f2,hadoop.security.kms.client.failover.sleep.max.millis,org.apache.hadoop.crypto.key.kms.TestLoadBalancingKMSClientProvider#testClientRetriesNonIdempotentOpWithIOExceptionFailsImmediately,3000,GOOD,PASS
https://github.com/apache/hadoop.git,a3b9c37a397ad4188041dd80621bdeefc46885f2,hadoop.security.kms.client.failover.sleep.max.millis,org.apache.hadoop.crypto.key.kms.TestLoadBalancingKMSClientProvider#testClientRetriesNonIdempotentOpWithIOExceptionFailsImmediately,4000,GOOD,PASS
https://github.com/apache/hadoop.git,a3b9c37a397ad4188041dd80621bdeefc46885f2,hadoop.security.crypto.jceks.key.serialfilter,org.apache.hadoop.crypto.key.kms.TestLoadBalancingKMSClientProvider#testClientRetriesNonIdempotentOpWithIOExceptionFailsImmediately,java.lang.Enum,GOOD,PASS
https://github.com/apache/hadoop.git,a3b9c37a397ad4188041dd80621bdeefc46885f2,hadoop.security.crypto.jceks.key.serialfilter,org.apache.hadoop.crypto.key.kms.TestLoadBalancingKMSClientProvider#testClientRetriesNonIdempotentOpWithIOExceptionFailsImmediately,java.security.KeyRep,GOOD,PASS
https://github.com/apache/hadoop.git,a3b9c37a397ad4188041dd80621bdeefc46885f2,hadoop.security.crypto.jceks.key.serialfilter,org.apache.hadoop.crypto.key.kms.TestLoadBalancingKMSClientProvider#testClientRetriesNonIdempotentOpWithIOExceptionFailsImmediately,java.security.KeyRep$Type,GOOD,PASS
https://github.com/apache/hadoop.git,a3b9c37a397ad4188041dd80621bdeefc46885f2,hadoop.security.dns.log-slow-lookups.threshold.ms,org.apache.hadoop.conf.TestConfiguration#testSetSocketAddress,1000,GOOD,PASS
https://github.com/apache/hadoop.git,a3b9c37a397ad4188041dd80621bdeefc46885f2,hadoop.security.dns.log-slow-lookups.threshold.ms,org.apache.hadoop.conf.TestConfiguration#testSetSocketAddress,2000,GOOD,PASS
https://github.com/apache/hadoop.git,a3b9c37a397ad4188041dd80621bdeefc46885f2,hadoop.security.dns.log-slow-lookups.threshold.ms,org.apache.hadoop.conf.TestConfiguration#testSetSocketAddress,3000,GOOD,PASS
https://github.com/apache/hadoop.git,a3b9c37a397ad4188041dd80621bdeefc46885f2,hadoop.security.dns.log-slow-lookups.threshold.ms,org.apache.hadoop.conf.TestConfiguration#testSetSocketAddress,abc,BAD,FAIL
https://github.com/apache/hadoop.git,a3b9c37a397ad4188041dd80621bdeefc46885f2,hadoop.security.dns.log-slow-lookups.enabled,org.apache.hadoop.conf.TestConfiguration#testSetSocketAddress,false,GOOD,PASS
https://github.com/apache/hadoop.git,a3b9c37a397ad4188041dd80621bdeefc46885f2,hadoop.security.dns.log-slow-lookups.enabled,org.apache.hadoop.conf.TestConfiguration#testSetSocketAddress,true,GOOD,PASS
https://github.com/apache/hadoop.git,a3b9c37a397ad4188041dd80621bdeefc46885f2,hadoop.zk.auth,org.apache.hadoop.util.curator.TestZKCuratorManager#testChildren,digest:wkz,GOOD,PASS
https://github.com/apache/hadoop.git,a3b9c37a397ad4188041dd80621bdeefc46885f2,hadoop.zk.auth,org.apache.hadoop.util.curator.TestZKCuratorManager#testChildren,digest:hdfs-zkfcs,GOOD,PASS
https://github.com/apache/hadoop.git,a3b9c37a397ad4188041dd80621bdeefc46885f2,hadoop.zk.auth,org.apache.hadoop.util.curator.TestZKCuratorManager#testChildren,"digest:wkz,digest:hdfs-zkfcs",GOOD,PASS
https://github.com/apache/hadoop.git,a3b9c37a397ad4188041dd80621bdeefc46885f2,hadoop.zk.auth,org.apache.hadoop.util.curator.TestZKCuratorManager#testChildren,scheme:auth,BAD,FAIL
https://github.com/apache/hadoop.git,a3b9c37a397ad4188041dd80621bdeefc46885f2,hadoop.zk.retry-interval-ms,org.apache.hadoop.util.curator.TestZKCuratorManager#testChildren,1000,GOOD,PASS
https://github.com/apache/hadoop.git,a3b9c37a397ad4188041dd80621bdeefc46885f2,hadoop.zk.retry-interval-ms,org.apache.hadoop.util.curator.TestZKCuratorManager#testChildren,2000,GOOD,PASS
https://github.com/apache/hadoop.git,a3b9c37a397ad4188041dd80621bdeefc46885f2,hadoop.zk.retry-interval-ms,org.apache.hadoop.util.curator.TestZKCuratorManager#testChildren,3000,GOOD,PASS
https://github.com/apache/hadoop.git,a3b9c37a397ad4188041dd80621bdeefc46885f2,hadoop.zk.retry-interval-ms,org.apache.hadoop.util.curator.TestZKCuratorManager#testChildren,abcd,BAD,FAIL
https://github.com/apache/hadoop.git,a3b9c37a397ad4188041dd80621bdeefc46885f2,hadoop.security.credential.provider.path,org.apache.hadoop.util.curator.TestZKCuratorManager#testChildren,localjceks://file/home/lmccay/aws.jceks,GOOD,PASS
https://github.com/apache/hadoop.git,a3b9c37a397ad4188041dd80621bdeefc46885f2,hadoop.security.credential.provider.path,org.apache.hadoop.util.curator.TestZKCuratorManager#testChildren,localjceks://file/home/lmccay/,GOOD,PASS
https://github.com/apache/hadoop.git,a3b9c37a397ad4188041dd80621bdeefc46885f2,hadoop.security.credential.provider.path,org.apache.hadoop.util.curator.TestZKCuratorManager#testChildren,"localjceks://file/home/lmccay/aws.jceks,localjceks://file/home/lmccay/aws.jceks",GOOD,PASS
https://github.com/apache/hadoop.git,a3b9c37a397ad4188041dd80621bdeefc46885f2,hadoop.security.dns.log-slow-lookups.enabled,org.apache.hadoop.util.curator.TestZKCuratorManager#testChildren,true,GOOD,PASS
https://github.com/apache/hadoop.git,a3b9c37a397ad4188041dd80621bdeefc46885f2,hadoop.security.dns.log-slow-lookups.enabled,org.apache.hadoop.util.curator.TestZKCuratorManager#testChildren,false,GOOD,PASS
https://github.com/apache/hadoop.git,a3b9c37a397ad4188041dd80621bdeefc46885f2,hadoop.zk.num-retries,org.apache.hadoop.util.curator.TestZKCuratorManager#testChildren,1000,GOOD,PASS
https://github.com/apache/hadoop.git,a3b9c37a397ad4188041dd80621bdeefc46885f2,hadoop.zk.num-retries,org.apache.hadoop.util.curator.TestZKCuratorManager#testChildren,2000,GOOD,PASS
https://github.com/apache/hadoop.git,a3b9c37a397ad4188041dd80621bdeefc46885f2,hadoop.zk.num-retries,org.apache.hadoop.util.curator.TestZKCuratorManager#testChildren,3000,GOOD,PASS
https://github.com/apache/hadoop.git,a3b9c37a397ad4188041dd80621bdeefc46885f2,hadoop.zk.num-retries,org.apache.hadoop.util.curator.TestZKCuratorManager#testChildren,foobar,BAD,FAIL
https://github.com/apache/hadoop.git,a3b9c37a397ad4188041dd80621bdeefc46885f2,hadoop.security.dns.log-slow-lookups.threshold.ms,org.apache.hadoop.util.curator.TestZKCuratorManager#testChildren,1000,GOOD,PASS
https://github.com/apache/hadoop.git,a3b9c37a397ad4188041dd80621bdeefc46885f2,hadoop.security.dns.log-slow-lookups.threshold.ms,org.apache.hadoop.util.curator.TestZKCuratorManager#testChildren,2000,GOOD,PASS
https://github.com/apache/hadoop.git,a3b9c37a397ad4188041dd80621bdeefc46885f2,hadoop.security.dns.log-slow-lookups.threshold.ms,org.apache.hadoop.util.curator.TestZKCuratorManager#testChildren,3000,GOOD,PASS
https://github.com/apache/hadoop.git,a3b9c37a397ad4188041dd80621bdeefc46885f2,hadoop.security.credential.clear-text-fallback,org.apache.hadoop.util.curator.TestZKCuratorManager#testChildren,true,GOOD,PASS
https://github.com/apache/hadoop.git,a3b9c37a397ad4188041dd80621bdeefc46885f2,hadoop.security.credential.clear-text-fallback,org.apache.hadoop.util.curator.TestZKCuratorManager#testChildren,false,GOOD,PASS
https://github.com/apache/hadoop.git,a3b9c37a397ad4188041dd80621bdeefc46885f2,hadoop.zk.timeout-ms,org.apache.hadoop.util.curator.TestZKCuratorManager#testChildren,10000,GOOD,PASS
https://github.com/apache/hadoop.git,a3b9c37a397ad4188041dd80621bdeefc46885f2,hadoop.zk.timeout-ms,org.apache.hadoop.util.curator.TestZKCuratorManager#testChildren,20000,GOOD,PASS
https://github.com/apache/hadoop.git,a3b9c37a397ad4188041dd80621bdeefc46885f2,hadoop.zk.timeout-ms,org.apache.hadoop.util.curator.TestZKCuratorManager#testChildren,30000,GOOD,PASS
https://github.com/apache/hadoop.git,a3b9c37a397ad4188041dd80621bdeefc46885f2,hadoop.security.crypto.cipher.suite,org.apache.hadoop.crypto.TestCryptoOutputStreamClosing#testOutputStreamClosing,AES/CTR/NoPadding,GOOD,PASS
https://github.com/apache/hadoop.git,a3b9c37a397ad4188041dd80621bdeefc46885f2,hadoop.security.crypto.cipher.suite,org.apache.hadoop.crypto.TestCryptoOutputStreamClosing#testOutputStreamClosing,AES/CTR/Padding,BAD,FAIL
https://github.com/apache/hadoop.git,a3b9c37a397ad4188041dd80621bdeefc46885f2,hadoop.security.credential.provider.path,org.apache.hadoop.security.ssl.TestSSLFactory#testServerWeakCiphers,/foo/bar,GOOD,PASS
https://github.com/apache/hadoop.git,a3b9c37a397ad4188041dd80621bdeefc46885f2,hadoop.security.credential.provider.path,org.apache.hadoop.security.ssl.TestSSLFactory#testServerWeakCiphers,arbitrary path,GOOD,PASS
https://github.com/apache/hadoop.git,a3b9c37a397ad4188041dd80621bdeefc46885f2,hadoop.security.credential.provider.path,org.apache.hadoop.security.ssl.TestSSLFactory#testServerWeakCiphers,1234567,GOOD,PASS
https://github.com/apache/hadoop.git,a3b9c37a397ad4188041dd80621bdeefc46885f2,hadoop.ssl.enabled.protocols,org.apache.hadoop.security.ssl.TestSSLFactory#testServerWeakCiphers,TLSv1.2,GOOD,PASS
https://github.com/apache/hadoop.git,a3b9c37a397ad4188041dd80621bdeefc46885f2,hadoop.ssl.enabled.protocols,org.apache.hadoop.security.ssl.TestSSLFactory#testServerWeakCiphers,TLSv2.0,BAD,FAIL
https://github.com/apache/hadoop.git,a3b9c37a397ad4188041dd80621bdeefc46885f2,hadoop.ssl.keystores.factory.class,org.apache.hadoop.security.ssl.TestSSLFactory#testServerWeakCiphers,org.apache.hadoop.security.ssl.FileBasedKeyStoresFactory,GOOD,PASS
https://github.com/apache/hadoop.git,a3b9c37a397ad4188041dd80621bdeefc46885f2,hadoop.ssl.keystores.factory.class,org.apache.hadoop.security.ssl.TestSSLFactory#testServerWeakCiphers,org.apache.hadoop.security.ssl.KeyStoresFactory,BAD,FAIL
https://github.com/apache/hadoop.git,a3b9c37a397ad4188041dd80621bdeefc46885f2,hadoop.security.credential.clear-text-fallback,org.apache.hadoop.security.ssl.TestSSLFactory#testServerWeakCiphers,true,GOOD,PASS
https://github.com/apache/hadoop.git,a3b9c37a397ad4188041dd80621bdeefc46885f2,hadoop.security.credential.clear-text-fallback,org.apache.hadoop.security.ssl.TestSSLFactory#testServerWeakCiphers,false,GOOD,PASS
https://github.com/apache/hadoop.git,a3b9c37a397ad4188041dd80621bdeefc46885f2,hadoop.security.group.mapping,org.apache.hadoop.security.authentication.server.TestProxyUserAuthenticationFilter#testFilter,org.apache.hadoop.security.JniBasedUnixGroupsMappingWithFallback,GOOD,PASS
https://github.com/apache/hadoop.git,a3b9c37a397ad4188041dd80621bdeefc46885f2,hadoop.security.group.mapping,org.apache.hadoop.security.authentication.server.TestProxyUserAuthenticationFilter#testFilter,org.apache.hadoop.security.JniBasedUnixGroupsNetgroupMappingWithFallback,GOOD,PASS
https://github.com/apache/hadoop.git,a3b9c37a397ad4188041dd80621bdeefc46885f2,hadoop.security.group.mapping,org.apache.hadoop.security.authentication.server.TestProxyUserAuthenticationFilter#testFilter,org.apache.hadoop.security.JniBasedUnixGroupsMappingWith,BAD,FAIL
https://github.com/apache/hadoop.git,a3b9c37a397ad4188041dd80621bdeefc46885f2,hadoop.security.groups.cache.background.reload.threads,org.apache.hadoop.security.authentication.server.TestProxyUserAuthenticationFilter#testFilter,3,GOOD,PASS
https://github.com/apache/hadoop.git,a3b9c37a397ad4188041dd80621bdeefc46885f2,hadoop.security.groups.cache.background.reload.threads,org.apache.hadoop.security.authentication.server.TestProxyUserAuthenticationFilter#testFilter,5,GOOD,PASS
https://github.com/apache/hadoop.git,a3b9c37a397ad4188041dd80621bdeefc46885f2,hadoop.security.groups.cache.background.reload.threads,org.apache.hadoop.security.authentication.server.TestProxyUserAuthenticationFilter#testFilter,-1,BAD,PASS
https://github.com/apache/hadoop.git,a3b9c37a397ad4188041dd80621bdeefc46885f2,hadoop.security.groups.cache.background.reload.threads,org.apache.hadoop.security.authentication.server.TestProxyUserAuthenticationFilter#testFilter,2147483648,BAD,FAIL
https://github.com/apache/hadoop.git,a3b9c37a397ad4188041dd80621bdeefc46885f2,hadoop.security.groups.cache.secs,org.apache.hadoop.security.authentication.server.TestProxyUserAuthenticationFilter#testFilter,300,GOOD,PASS
https://github.com/apache/hadoop.git,a3b9c37a397ad4188041dd80621bdeefc46885f2,hadoop.security.groups.cache.secs,org.apache.hadoop.security.authentication.server.TestProxyUserAuthenticationFilter#testFilter,1000,GOOD,PASS
https://github.com/apache/hadoop.git,a3b9c37a397ad4188041dd80621bdeefc46885f2,hadoop.security.groups.cache.secs,org.apache.hadoop.security.authentication.server.TestProxyUserAuthenticationFilter#testFilter,2000,GOOD,PASS
https://github.com/apache/hadoop.git,a3b9c37a397ad4188041dd80621bdeefc46885f2,hadoop.security.groups.cache.secs,org.apache.hadoop.security.authentication.server.TestProxyUserAuthenticationFilter#testFilter,-1,BAD,FAIL
https://github.com/apache/hadoop.git,a3b9c37a397ad4188041dd80621bdeefc46885f2,hadoop.user.group.static.mapping.overrides,org.apache.hadoop.security.authentication.server.TestProxyUserAuthenticationFilter#testFilter,dr.who=;,GOOD,PASS
https://github.com/apache/hadoop.git,a3b9c37a397ad4188041dd80621bdeefc46885f2,hadoop.user.group.static.mapping.overrides,org.apache.hadoop.security.authentication.server.TestProxyUserAuthenticationFilter#testFilter,"user1=group2;;",GOOD,PASS
https://github.com/apache/hadoop.git,a3b9c37a397ad4188041dd80621bdeefc46885f2,hadoop.user.group.static.mapping.overrides,org.apache.hadoop.security.authentication.server.TestProxyUserAuthenticationFilter#testFilter,"user1=group1,group2;user2=group2;user3=group3;",GOOD,PASS
https://github.com/apache/hadoop.git,a3b9c37a397ad4188041dd80621bdeefc46885f2,hadoop.user.group.static.mapping.overrides,org.apache.hadoop.security.authentication.server.TestProxyUserAuthenticationFilter#testFilter,"user1=group1=user2",BAD,FAIL
https://github.com/apache/hadoop.git,a3b9c37a397ad4188041dd80621bdeefc46885f2,hadoop.security.groups.cache.background.reload,org.apache.hadoop.security.authentication.server.TestProxyUserAuthenticationFilter#testFilter,false,GOOD,PASS
https://github.com/apache/hadoop.git,a3b9c37a397ad4188041dd80621bdeefc46885f2,hadoop.security.groups.cache.background.reload,org.apache.hadoop.security.authentication.server.TestProxyUserAuthenticationFilter#testFilter,true,GOOD,PASS
https://github.com/apache/hadoop.git,a3b9c37a397ad4188041dd80621bdeefc46885f2,hadoop.security.groups.negative-cache.secs,org.apache.hadoop.security.authentication.server.TestProxyUserAuthenticationFilter#testFilter,30,GOOD,PASS
https://github.com/apache/hadoop.git,a3b9c37a397ad4188041dd80621bdeefc46885f2,hadoop.security.groups.negative-cache.secs,org.apache.hadoop.security.authentication.server.TestProxyUserAuthenticationFilter#testFilter,300,GOOD,PASS
https://github.com/apache/hadoop.git,a3b9c37a397ad4188041dd80621bdeefc46885f2,hadoop.security.groups.negative-cache.secs,org.apache.hadoop.security.authentication.server.TestProxyUserAuthenticationFilter#testFilter,3000,GOOD,PASS
https://github.com/apache/hadoop.git,a3b9c37a397ad4188041dd80621bdeefc46885f2,hadoop.security.groups.negative-cache.secs,org.apache.hadoop.security.authentication.server.TestProxyUserAuthenticationFilter#testFilter,9223372036854775808,BAD,FAIL
https://github.com/apache/hadoop.git,a3b9c37a397ad4188041dd80621bdeefc46885f2,hadoop.security.groups.cache.warn.after.ms,org.apache.hadoop.security.authentication.server.TestProxyUserAuthenticationFilter#testFilter,5000,GOOD,PASS
https://github.com/apache/hadoop.git,a3b9c37a397ad4188041dd80621bdeefc46885f2,hadoop.security.groups.cache.warn.after.ms,org.apache.hadoop.security.authentication.server.TestProxyUserAuthenticationFilter#testFilter,10000,GOOD,PASS
https://github.com/apache/hadoop.git,a3b9c37a397ad4188041dd80621bdeefc46885f2,hadoop.security.groups.cache.warn.after.ms,org.apache.hadoop.security.authentication.server.TestProxyUserAuthenticationFilter#testFilter,15000,GOOD,PASS
https://github.com/apache/hadoop.git,a3b9c37a397ad4188041dd80621bdeefc46885f2,hadoop.security.groups.cache.warn.after.ms,org.apache.hadoop.security.authentication.server.TestProxyUserAuthenticationFilter#testFilter,-1,BAD,PASS
https://github.com/apache/hadoop.git,a3b9c37a397ad4188041dd80621bdeefc46885f2,hadoop.security.groups.cache.warn.after.ms,org.apache.hadoop.security.authentication.server.TestProxyUserAuthenticationFilter#testFilter,9223372036854775808,BAD,FAIL
https://github.com/apache/hadoop.git,a3b9c37a397ad4188041dd80621bdeefc46885f2,hadoop.security.groups.cache.background.reload.threads,org.apache.hadoop.security.TestGroupsCaching#testGroupsCaching,3,GOOD,PASS
https://github.com/apache/hadoop.git,a3b9c37a397ad4188041dd80621bdeefc46885f2,hadoop.security.groups.cache.background.reload.threads,org.apache.hadoop.security.TestGroupsCaching#testGroupsCaching,0,BAD,PASS
https://github.com/apache/hadoop.git,a3b9c37a397ad4188041dd80621bdeefc46885f2,hadoop.security.groups.cache.background.reload.threads,org.apache.hadoop.security.TestGroupsCaching#testGroupsCaching,-1,BAD,PASS
https://github.com/apache/hadoop.git,a3b9c37a397ad4188041dd80621bdeefc46885f2,hadoop.security.groups.cache.background.reload.threads,org.apache.hadoop.security.TestGroupsCaching#testGroupsCaching,100,GOOD,PASS
https://github.com/apache/hadoop.git,a3b9c37a397ad4188041dd80621bdeefc46885f2,hadoop.security.groups.cache.background.reload.threads,org.apache.hadoop.security.TestGroupsCaching#testGroupsCaching,10000000000,BAD,FAIL
https://github.com/apache/hadoop.git,a3b9c37a397ad4188041dd80621bdeefc46885f2,hadoop.security.groups.cache.background.reload.threads,org.apache.hadoop.security.TestGroupsCaching#testGroupsCaching,-10000000000,BAD,FAIL
https://github.com/apache/hadoop.git,a3b9c37a397ad4188041dd80621bdeefc46885f2,hadoop.security.groups.cache.background.reload | hadoop.security.groups.cache.background.reload.threads,org.apache.hadoop.security.TestGroupsCaching#testGroupsCaching,true | -1,BAD,FAIL
https://github.com/apache/hadoop.git,a3b9c37a397ad4188041dd80621bdeefc46885f2,hadoop.security.groups.cache.background.reload | hadoop.security.groups.cache.background.reload.threads,org.apache.hadoop.security.TestGroupsCaching#testGroupsCaching,true | 0,BAD,FAIL
https://github.com/apache/hadoop.git,a3b9c37a397ad4188041dd80621bdeefc46885f2,hadoop.security.groups.cache.secs,org.apache.hadoop.security.TestGroupsCaching#testGroupsCaching,300,GOOD,PASS
https://github.com/apache/hadoop.git,a3b9c37a397ad4188041dd80621bdeefc46885f2,hadoop.security.groups.cache.secs,org.apache.hadoop.security.TestGroupsCaching#testGroupsCaching,100,GOOD,PASS
https://github.com/apache/hadoop.git,a3b9c37a397ad4188041dd80621bdeefc46885f2,hadoop.security.groups.cache.secs,org.apache.hadoop.security.TestGroupsCaching#testGroupsCaching,10000000000,GOOD,PASS
https://github.com/apache/hadoop.git,a3b9c37a397ad4188041dd80621bdeefc46885f2,hadoop.security.groups.cache.secs,org.apache.hadoop.security.TestGroupsCaching#testGroupsCaching,0,BAD,FAIL
https://github.com/apache/hadoop.git,a3b9c37a397ad4188041dd80621bdeefc46885f2,hadoop.security.groups.cache.secs,org.apache.hadoop.security.TestGroupsCaching#testGroupsCaching,-1,BAD,FAIL
https://github.com/apache/hadoop.git,a3b9c37a397ad4188041dd80621bdeefc46885f2,hadoop.security.groups.cache.secs,org.apache.hadoop.security.TestGroupsCaching#testGroupsCaching,100000000000000000000000000000000,BAD,FAIL
https://github.com/apache/hadoop.git,a3b9c37a397ad4188041dd80621bdeefc46885f2,hadoop.user.group.static.mapping.overrides,org.apache.hadoop.security.TestGroupsCaching#testGroupsCaching,dr.who=;,GOOD,PASS
https://github.com/apache/hadoop.git,a3b9c37a397ad4188041dd80621bdeefc46885f2,hadoop.user.group.static.mapping.overrides,org.apache.hadoop.security.TestGroupsCaching#testGroupsCaching,user2,GOOD,PASS
https://github.com/apache/hadoop.git,a3b9c37a397ad4188041dd80621bdeefc46885f2,hadoop.user.group.static.mapping.overrides,org.apache.hadoop.security.TestGroupsCaching#testGroupsCaching,user3,GOOD,PASS
https://github.com/apache/hadoop.git,a3b9c37a397ad4188041dd80621bdeefc46885f2,hadoop.user.group.static.mapping.overrides,org.apache.hadoop.security.TestGroupsCaching#testGroupsCaching,,GOOD,PASS
https://github.com/apache/hadoop.git,a3b9c37a397ad4188041dd80621bdeefc46885f2,hadoop.user.group.static.mapping.overrides,org.apache.hadoop.security.TestGroupsCaching#testGroupsCaching,user1,BAD,FAIL
https://github.com/apache/hadoop.git,a3b9c37a397ad4188041dd80621bdeefc46885f2,hadoop.user.group.static.mapping.overrides,org.apache.hadoop.security.TestGroupsCaching#testGroupsCaching,me,BAD,FAIL
https://github.com/apache/hadoop.git,a3b9c37a397ad4188041dd80621bdeefc46885f2,hadoop.security.groups.cache.background.reload,org.apache.hadoop.security.TestGroupsCaching#testGroupsCaching,true,GOOD,PASS
https://github.com/apache/hadoop.git,a3b9c37a397ad4188041dd80621bdeefc46885f2,hadoop.security.groups.cache.background.reload,org.apache.hadoop.security.TestGroupsCaching#testGroupsCaching,false,GOOD,PASS
https://github.com/apache/hadoop.git,a3b9c37a397ad4188041dd80621bdeefc46885f2,hadoop.security.groups.cache.warn.after.ms,org.apache.hadoop.security.TestGroupsCaching#testGroupsCaching,5000,GOOD,PASS
https://github.com/apache/hadoop.git,a3b9c37a397ad4188041dd80621bdeefc46885f2,hadoop.security.groups.cache.warn.after.ms,org.apache.hadoop.security.TestGroupsCaching#testGroupsCaching,0,GOOD,PASS
https://github.com/apache/hadoop.git,a3b9c37a397ad4188041dd80621bdeefc46885f2,hadoop.security.groups.cache.warn.after.ms,org.apache.hadoop.security.TestGroupsCaching#testGroupsCaching,-1,GOOD,PASS
https://github.com/apache/hadoop.git,a3b9c37a397ad4188041dd80621bdeefc46885f2,hadoop.security.groups.cache.warn.after.ms,org.apache.hadoop.security.TestGroupsCaching#testGroupsCaching,100,GOOD,PASS
https://github.com/apache/hadoop.git,a3b9c37a397ad4188041dd80621bdeefc46885f2,hadoop.security.groups.cache.warn.after.ms,org.apache.hadoop.security.TestGroupsCaching#testGroupsCaching,-10000000000000000000,BAD,FAIL
https://github.com/apache/hadoop.git,a3b9c37a397ad4188041dd80621bdeefc46885f2,hadoop.security.groups.shell.command.timeout,org.apache.hadoop.security.TestGroupsCaching#testGroupsCaching,0s,GOOD,PASS
https://github.com/apache/hadoop.git,a3b9c37a397ad4188041dd80621bdeefc46885f2,hadoop.security.groups.shell.command.timeout,org.apache.hadoop.security.TestGroupsCaching#testGroupsCaching,5s,GOOD,PASS
https://github.com/apache/hadoop.git,a3b9c37a397ad4188041dd80621bdeefc46885f2,hadoop.security.groups.shell.command.timeout,org.apache.hadoop.security.TestGroupsCaching#testGroupsCaching,2m,GOOD,PASS
https://github.com/apache/hadoop.git,a3b9c37a397ad4188041dd80621bdeefc46885f2,hadoop.security.groups.shell.command.timeout,org.apache.hadoop.security.TestGroupsCaching#testGroupsCaching,2j,BAD,FAIL
https://github.com/apache/hadoop.git,a3b9c37a397ad4188041dd80621bdeefc46885f2,hadoop.security.groups.shell.command.timeout,org.apache.hadoop.security.TestGroupsCaching#testGroupsCaching,30x,BAD,FAIL
https://github.com/apache/hadoop.git,a3b9c37a397ad4188041dd80621bdeefc46885f2,hadoop.security.dns.log-slow-lookups.threshold.ms,org.apache.hadoop.security.TestSecurityUtil#testGetHostFromPrincipal,1000,GOOD,PASS
https://github.com/apache/hadoop.git,a3b9c37a397ad4188041dd80621bdeefc46885f2,hadoop.security.dns.log-slow-lookups.threshold.ms,org.apache.hadoop.security.TestSecurityUtil#testGetHostFromPrincipal,0,GOOD,PASS
https://github.com/apache/hadoop.git,a3b9c37a397ad4188041dd80621bdeefc46885f2,hadoop.security.dns.log-slow-lookups.threshold.ms,org.apache.hadoop.security.TestSecurityUtil#testGetHostFromPrincipal,-1,GOOD,PASS
https://github.com/apache/hadoop.git,a3b9c37a397ad4188041dd80621bdeefc46885f2,hadoop.security.dns.log-slow-lookups.threshold.ms,org.apache.hadoop.security.TestSecurityUtil#testGetHostFromPrincipal,-9999999999,BAD,FAIL
https://github.com/apache/hadoop.git,a3b9c37a397ad4188041dd80621bdeefc46885f2,hadoop.security.dns.log-slow-lookups.enabled,org.apache.hadoop.security.TestSecurityUtil#testGetHostFromPrincipal,true,GOOD,PASS
https://github.com/apache/hadoop.git,a3b9c37a397ad4188041dd80621bdeefc46885f2,hadoop.security.dns.log-slow-lookups.enabled,org.apache.hadoop.security.TestSecurityUtil#testGetHostFromPrincipal,false,GOOD,PASS
https://github.com/apache/hadoop.git,a3b9c37a397ad4188041dd80621bdeefc46885f2,hadoop.security.credential.provider.path,org.apache.hadoop.security.ssl.TestSSLFactory#testServerDifferentPasswordAndKeyPassword,,GOOD,PASS
https://github.com/apache/hadoop.git,a3b9c37a397ad4188041dd80621bdeefc46885f2,hadoop.security.credential.provider.path,org.apache.hadoop.security.ssl.TestSSLFactory#testServerDifferentPasswordAndKeyPassword,jceks://file/$hadoop_dir/hadoop-common-project/hadoop-common/target/test/data/test.jks,GOOD,PASS
https://github.com/apache/hadoop.git,a3b9c37a397ad4188041dd80621bdeefc46885f2,hadoop.security.credential.provider.path,org.apache.hadoop.security.ssl.TestSSLFactory#testServerDifferentPasswordAndKeyPassword,jceks://file/$hadoop_dir/hadoop-common-project/hadoop-common/target/test/data/keystore.jks,GOOD,PASS
https://github.com/apache/hadoop.git,a3b9c37a397ad4188041dd80621bdeefc46885f2,hadoop.security.credential.provider.path,org.apache.hadoop.security.ssl.TestSSLFactory#testServerDifferentPasswordAndKeyPassword,randomPath,BAD,FAIL
https://github.com/apache/hadoop.git,a3b9c37a397ad4188041dd80621bdeefc46885f2,hadoop.security.credential.provider.path,org.apache.hadoop.security.ssl.TestSSLFactory#testServerDifferentPasswordAndKeyPassword,./,BAD,FAIL
https://github.com/apache/hadoop.git,a3b9c37a397ad4188041dd80621bdeefc46885f2,hadoop.ssl.enabled.protocols,org.apache.hadoop.security.ssl.TestSSLFactory#testServerDifferentPasswordAndKeyPassword,TLSv1.2,GOOD,PASS
https://github.com/apache/hadoop.git,a3b9c37a397ad4188041dd80621bdeefc46885f2,hadoop.ssl.enabled.protocols,org.apache.hadoop.security.ssl.TestSSLFactory#testServerDifferentPasswordAndKeyPassword,TLSv1.3,GOOD,PASS
https://github.com/apache/hadoop.git,a3b9c37a397ad4188041dd80621bdeefc46885f2,hadoop.ssl.enabled.protocols,org.apache.hadoop.security.ssl.TestSSLFactory#testServerDifferentPasswordAndKeyPassword,TLSv1.1,GOOD,PASS
https://github.com/apache/hadoop.git,a3b9c37a397ad4188041dd80621bdeefc46885f2,hadoop.ssl.enabled.protocols,org.apache.hadoop.security.ssl.TestSSLFactory#testServerDifferentPasswordAndKeyPassword,TLSv99.99,BAD,FAIL
https://github.com/apache/hadoop.git,a3b9c37a397ad4188041dd80621bdeefc46885f2,hadoop.ssl.enabled.protocols,org.apache.hadoop.security.ssl.TestSSLFactory#testServerDifferentPasswordAndKeyPassword,FakeVersion,BAD,FAIL
https://github.com/apache/hadoop.git,a3b9c37a397ad4188041dd80621bdeefc46885f2,hadoop.ssl.hostname.verifier,org.apache.hadoop.security.ssl.TestSSLFactory#testServerDifferentPasswordAndKeyPassword,DEFAULT,GOOD,PASS
https://github.com/apache/hadoop.git,a3b9c37a397ad4188041dd80621bdeefc46885f2,hadoop.ssl.hostname.verifier,org.apache.hadoop.security.ssl.TestSSLFactory#testServerDifferentPasswordAndKeyPassword,STRICT,GOOD,PASS
https://github.com/apache/hadoop.git,a3b9c37a397ad4188041dd80621bdeefc46885f2,hadoop.ssl.hostname.verifier,org.apache.hadoop.security.ssl.TestSSLFactory#testServerDifferentPasswordAndKeyPassword,ALLOW_ALL,GOOD,PASS
https://github.com/apache/hadoop.git,a3b9c37a397ad4188041dd80621bdeefc46885f2,hadoop.ssl.hostname.verifier,org.apache.hadoop.security.ssl.TestSSLFactory#testServerDifferentPasswordAndKeyPassword,INVALID_VALUE,BAD,FAIL
https://github.com/apache/hadoop.git,a3b9c37a397ad4188041dd80621bdeefc46885f2,hadoop.ssl.hostname.verifier,org.apache.hadoop.security.ssl.TestSSLFactory#testServerDifferentPasswordAndKeyPassword,randomString,BAD,FAIL
https://github.com/apache/hadoop.git,a3b9c37a397ad4188041dd80621bdeefc46885f2,hadoop.ssl.keystores.factory.class,org.apache.hadoop.security.ssl.TestSSLFactory#testServerDifferentPasswordAndKeyPassword,org.apache.hadoop.security.ssl.FileBasedKeyStoresFactory,GOOD,PASS
https://github.com/apache/hadoop.git,a3b9c37a397ad4188041dd80621bdeefc46885f2,hadoop.ssl.keystores.factory.class,org.apache.hadoop.security.ssl.TestSSLFactory#testServerDifferentPasswordAndKeyPassword,org.apache.hadoop.security.ssl.DelegatingSSLSocketFactory,BAD,FAIL
https://github.com/apache/hadoop.git,a3b9c37a397ad4188041dd80621bdeefc46885f2,hadoop.ssl.keystores.factory.class,org.apache.hadoop.security.ssl.TestSSLFactory#testServerDifferentPasswordAndKeyPassword,org.apache.hadoop.security.ssl.KeyStoresFactory,BAD,FAIL
https://github.com/apache/hadoop.git,a3b9c37a397ad4188041dd80621bdeefc46885f2,hadoop.ssl.keystores.factory.class,org.apache.hadoop.security.ssl.TestSSLFactory#testServerDifferentPasswordAndKeyPassword,randomString,BAD,FAIL
https://github.com/apache/hadoop.git,a3b9c37a397ad4188041dd80621bdeefc46885f2,hadoop.ssl.server.conf,org.apache.hadoop.security.ssl.TestSSLFactory#testServerDifferentPasswordAndKeyPassword,ssl-server.xml,GOOD,PASS
https://github.com/apache/hadoop.git,a3b9c37a397ad4188041dd80621bdeefc46885f2,hadoop.ssl.server.conf,org.apache.hadoop.security.ssl.TestSSLFactory#testServerDifferentPasswordAndKeyPassword,core-ctest.xml,GOOD,PASS
https://github.com/apache/hadoop.git,a3b9c37a397ad4188041dd80621bdeefc46885f2,hadoop.ssl.server.conf,org.apache.hadoop.security.ssl.TestSSLFactory#testServerDifferentPasswordAndKeyPassword,core-site.xml,GOOD,PASS
https://github.com/apache/hadoop.git,a3b9c37a397ad4188041dd80621bdeefc46885f2,hadoop.ssl.server.conf,org.apache.hadoop.security.ssl.TestSSLFactory#testServerDifferentPasswordAndKeyPassword,random-file.xml,GOOD,PASS
https://github.com/apache/hadoop.git,a3b9c37a397ad4188041dd80621bdeefc46885f2,hadoop.security.credential.clear-text-fallback,org.apache.hadoop.security.ssl.TestSSLFactory#testServerDifferentPasswordAndKeyPassword,true,GOOD,PASS
https://github.com/apache/hadoop.git,a3b9c37a397ad4188041dd80621bdeefc46885f2,hadoop.security.credential.clear-text-fallback,org.apache.hadoop.security.ssl.TestSSLFactory#testServerDifferentPasswordAndKeyPassword,false,GOOD,PASS
https://github.com/apache/hadoop.git,a3b9c37a397ad4188041dd80621bdeefc46885f2,io.serializations,org.apache.hadoop.io.serializer.avro.TestAvroSerialization#testReflect,"org.apache.hadoop.io.serializer.WritableSerialization,org.apache.hadoop.io.serializer.avro.AvroSpecificSerialization,org.apache.hadoop.io.serializer.avro.AvroReflectSerialization",GOOD,PASS
https://github.com/apache/hadoop.git,a3b9c37a397ad4188041dd80621bdeefc46885f2,io.serializations,org.apache.hadoop.io.serializer.avro.TestAvroSerialization#testReflect,"org.apache.hadoop.io.serializer.avro.AvroSpecificSerialization,org.apache.hadoop.io.serializer.avro.AvroReflectSerialization",GOOD,PASS
https://github.com/apache/hadoop.git,a3b9c37a397ad4188041dd80621bdeefc46885f2,io.serializations,org.apache.hadoop.io.serializer.avro.TestAvroSerialization#testReflect,"org.apache.hadoop.io.serializer.avro.AvroReflectSerialization",GOOD,PASS
https://github.com/apache/hadoop.git,a3b9c37a397ad4188041dd80621bdeefc46885f2,io.serializations,org.apache.hadoop.io.serializer.avro.TestAvroSerialization#testReflect,"org.apache.hadoop.io.serializer.WritableSerialization",BAD,FAIL
https://github.com/apache/hadoop.git,a3b9c37a397ad4188041dd80621bdeefc46885f2,io.serializations,org.apache.hadoop.io.serializer.avro.TestAvroSerialization#testReflect,someGarbageValue,BAD,FAIL
https://github.com/apache/hadoop.git,a3b9c37a397ad4188041dd80621bdeefc46885f2,hadoop.security.crypto.jce.provider,org.apache.hadoop.crypto.TestCryptoStreamsWithJceAesCtrCryptoCodec#testHasCapability,,GOOD,PASS
https://github.com/apache/hadoop.git,a3b9c37a397ad4188041dd80621bdeefc46885f2,hadoop.security.crypto.jce.provider,org.apache.hadoop.crypto.TestCryptoStreamsWithJceAesCtrCryptoCodec#testHasCapability,SunJCE,GOOD,PASS
https://github.com/apache/hadoop.git,a3b9c37a397ad4188041dd80621bdeefc46885f2,hadoop.security.crypto.jce.provider,org.apache.hadoop.crypto.TestCryptoStreamsWithJceAesCtrCryptoCodec#testHasCapability,SunRsaSign,BAD,FAIL
https://github.com/apache/hadoop.git,a3b9c37a397ad4188041dd80621bdeefc46885f2,hadoop.security.crypto.jce.provider,org.apache.hadoop.crypto.TestCryptoStreamsWithJceAesCtrCryptoCodec#testHasCapability,randomProvider,BAD,FAIL
https://github.com/apache/hadoop.git,a3b9c37a397ad4188041dd80621bdeefc46885f2,hadoop.security.java.secure.random.algorithm,org.apache.hadoop.crypto.TestCryptoStreamsWithJceAesCtrCryptoCodec#testHasCapability,SHA1PRNG,GOOD,PASS
https://github.com/apache/hadoop.git,a3b9c37a397ad4188041dd80621bdeefc46885f2,hadoop.security.java.secure.random.algorithm,org.apache.hadoop.crypto.TestCryptoStreamsWithJceAesCtrCryptoCodec#testHasCapability,MD5PRNG,GOOD,PASS
https://github.com/apache/hadoop.git,a3b9c37a397ad4188041dd80621bdeefc46885f2,hadoop.security.java.secure.random.algorithm,org.apache.hadoop.crypto.TestCryptoStreamsWithJceAesCtrCryptoCodec#testHasCapability,random,BAD,PASS
https://github.com/apache/hadoop.git,a3b9c37a397ad4188041dd80621bdeefc46885f2,hadoop.security.java.secure.random.algorithm,org.apache.hadoop.crypto.TestCryptoStreamsWithJceAesCtrCryptoCodec#testHasCapability,garbageValue,BAD,PASS
https://github.com/apache/hadoop.git,a3b9c37a397ad4188041dd80621bdeefc46885f2,hadoop.security.crypto.cipher.suite,org.apache.hadoop.crypto.TestCryptoStreamsWithJceAesCtrCryptoCodec#testHasCapability,AES/CTR/NoPadding,GOOD,PASS
https://github.com/apache/hadoop.git,a3b9c37a397ad4188041dd80621bdeefc46885f2,hadoop.security.crypto.cipher.suite,org.apache.hadoop.crypto.TestCryptoStreamsWithJceAesCtrCryptoCodec#testHasCapability,AES/CTR/Padding,BAD,FAIL
https://github.com/apache/hadoop.git,a3b9c37a397ad4188041dd80621bdeefc46885f2,hadoop.security.crypto.cipher.suite,org.apache.hadoop.crypto.TestCryptoStreamsWithJceAesCtrCryptoCodec#testHasCapability,randomSuite,BAD,FAIL
https://github.com/apache/hadoop.git,a3b9c37a397ad4188041dd80621bdeefc46885f2,hadoop.security.crypto.cipher.suite,org.apache.hadoop.crypto.TestCryptoStreamsWithJceAesCtrCryptoCodec#testHasCapability,AES/OFB32/PKCS5Padding,BAD,FAIL
https://github.com/apache/hadoop.git,a3b9c37a397ad4188041dd80621bdeefc46885f2,hadoop.security.crypto.cipher.suite,org.apache.hadoop.crypto.TestCryptoStreamsWithJceAesCtrCryptoCodec#testHasCapability,Unknown,BAD,FAIL
https://github.com/apache/hadoop.git,a3b9c37a397ad4188041dd80621bdeefc46885f2,hadoop.security.java.secure.random.algorithm,org.apache.hadoop.crypto.TestCryptoStreamsWithJceAesCtrCryptoCodec#testSecureRandomAlgorithmConfiguration,SHA1PRNG,GOOD,PASS
https://github.com/apache/hadoop.git,a3b9c37a397ad4188041dd80621bdeefc46885f2,hadoop.security.java.secure.random.algorithm,org.apache.hadoop.crypto.TestCryptoStreamsWithJceAesCtrCryptoCodec#testSecureRandomAlgorithmConfiguration,MD5PRNG,GOOD,PASS
https://github.com/apache/hadoop.git,a3b9c37a397ad4188041dd80621bdeefc46885f2,hadoop.security.java.secure.random.algorithm,org.apache.hadoop.crypto.TestCryptoStreamsWithJceAesCtrCryptoCodec#testSecureRandomAlgorithmConfiguration,,GOOD,PASS
https://github.com/apache/hadoop.git,a3b9c37a397ad4188041dd80621bdeefc46885f2,hadoop.security.java.secure.random.algorithm,org.apache.hadoop.crypto.TestCryptoStreamsWithJceAesCtrCryptoCodec#testSecureRandomAlgorithmConfiguration,random,BAD,FAIL
https://github.com/apache/hadoop.git,a3b9c37a397ad4188041dd80621bdeefc46885f2,hadoop.security.java.secure.random.algorithm,org.apache.hadoop.crypto.TestCryptoStreamsWithJceAesCtrCryptoCodec#testSecureRandomAlgorithmConfiguration,garbageValue,BAD,FAIL
https://github.com/apache/hadoop.git,a3b9c37a397ad4188041dd80621bdeefc46885f2,ha.failover-controller.cli-check.rpc-timeout.ms,org.apache.hadoop.ha.TestHAAdmin#testHelp,200,GOOD,PASS
https://github.com/apache/hadoop.git,a3b9c37a397ad4188041dd80621bdeefc46885f2,ha.failover-controller.cli-check.rpc-timeout.ms,org.apache.hadoop.ha.TestHAAdmin#testHelp,2000,GOOD,PASS
https://github.com/apache/hadoop.git,a3b9c37a397ad4188041dd80621bdeefc46885f2,ha.failover-controller.cli-check.rpc-timeout.ms,org.apache.hadoop.ha.TestHAAdmin#testHelp,20000,GOOD,PASS
https://github.com/apache/hadoop.git,a3b9c37a397ad4188041dd80621bdeefc46885f2,ha.failover-controller.cli-check.rpc-timeout.ms,org.apache.hadoop.ha.TestHAAdmin#testHelp,10000000000,BAD,FAIL
https://github.com/apache/hadoop.git,a3b9c37a397ad4188041dd80621bdeefc46885f2,ha.failover-controller.cli-check.rpc-timeout.ms,org.apache.hadoop.ha.TestHAAdmin#testHelp,abc,BAD,FAIL
https://github.com/apache/hadoop.git,a3b9c37a397ad4188041dd80621bdeefc46885f2,hadoop.security.credential.provider.path,org.apache.hadoop.security.TestSecurityUtil#testAuthPlainTextFile,localjceks://file/home/larry/cwd/creds.jceks,GOOD,PASS
https://github.com/apache/hadoop.git,a3b9c37a397ad4188041dd80621bdeefc46885f2,hadoop.security.credential.provider.path,org.apache.hadoop.security.TestSecurityUtil#testAuthPlainTextFile,localjceks://file/home/larry/cwd,GOOD,PASS
https://github.com/apache/hadoop.git,a3b9c37a397ad4188041dd80621bdeefc46885f2,hadoop.security.credential.provider.path,org.apache.hadoop.security.TestSecurityUtil#testAuthPlainTextFile,localjceks://file/home/larry,GOOD,PASS
https://github.com/apache/hadoop.git,a3b9c37a397ad4188041dd80621bdeefc46885f2,hadoop.security.credential.provider.path,org.apache.hadoop.security.TestSecurityUtil#testAuthPlainTextFile,/Users/IDoCT/run_ctest,BAD,FAIL
https://github.com/apache/hadoop.git,a3b9c37a397ad4188041dd80621bdeefc46885f2,hadoop.security.dns.log-slow-lookups.enabled,org.apache.hadoop.security.TestSecurityUtil#testAuthPlainTextFile,true,GOOD,PASS
https://github.com/apache/hadoop.git,a3b9c37a397ad4188041dd80621bdeefc46885f2,hadoop.security.dns.log-slow-lookups.enabled,org.apache.hadoop.security.TestSecurityUtil#testAuthPlainTextFile,false,GOOD,PASS
https://github.com/apache/hadoop.git,a3b9c37a397ad4188041dd80621bdeefc46885f2,hadoop.security.dns.log-slow-lookups.threshold.ms,org.apache.hadoop.security.TestSecurityUtil#testAuthPlainTextFile,-1,GOOD,PASS
https://github.com/apache/hadoop.git,a3b9c37a397ad4188041dd80621bdeefc46885f2,hadoop.security.dns.log-slow-lookups.threshold.ms,org.apache.hadoop.security.TestSecurityUtil#testAuthPlainTextFile,100,GOOD,PASS
https://github.com/apache/hadoop.git,a3b9c37a397ad4188041dd80621bdeefc46885f2,hadoop.security.dns.log-slow-lookups.threshold.ms,org.apache.hadoop.security.TestSecurityUtil#testAuthPlainTextFile,1000,GOOD,PASS
https://github.com/apache/hadoop.git,a3b9c37a397ad4188041dd80621bdeefc46885f2,hadoop.security.dns.log-slow-lookups.threshold.ms,org.apache.hadoop.security.TestSecurityUtil#testAuthPlainTextFile,10000000000,BAD,FAIL
https://github.com/apache/hadoop.git,a3b9c37a397ad4188041dd80621bdeefc46885f2,hadoop.security.dns.log-slow-lookups.threshold.ms,org.apache.hadoop.security.TestSecurityUtil#testAuthPlainTextFile,abc,BAD,FAIL
https://github.com/apache/hadoop.git,a3b9c37a397ad4188041dd80621bdeefc46885f2,hadoop.security.credential.clear-text-fallback,org.apache.hadoop.security.TestSecurityUtil#testAuthPlainTextFile,true,GOOD,PASS
https://github.com/apache/hadoop.git,a3b9c37a397ad4188041dd80621bdeefc46885f2,hadoop.security.credential.clear-text-fallback,org.apache.hadoop.security.TestSecurityUtil#testAuthPlainTextFile,false,GOOD,PASS
https://github.com/apache/hadoop.git,a3b9c37a397ad4188041dd80621bdeefc46885f2,hadoop.security.groups.cache.background.reload.threads,org.apache.hadoop.security.TestGroupsCaching#testGroupsCaching,-1,GOOD,PASS
https://github.com/apache/hadoop.git,a3b9c37a397ad4188041dd80621bdeefc46885f2,hadoop.security.groups.cache.background.reload.threads,org.apache.hadoop.security.TestGroupsCaching#testGroupsCaching,0,GOOD,PASS
https://github.com/apache/hadoop.git,a3b9c37a397ad4188041dd80621bdeefc46885f2,hadoop.security.groups.cache.background.reload.threads,org.apache.hadoop.security.TestGroupsCaching#testGroupsCaching,2,GOOD,PASS
https://github.com/apache/hadoop.git,a3b9c37a397ad4188041dd80621bdeefc46885f2,hadoop.security.groups.cache.background.reload.threads,org.apache.hadoop.security.TestGroupsCaching#testGroupsCaching,10000000000,BAD,FAIL
https://github.com/apache/hadoop.git,a3b9c37a397ad4188041dd80621bdeefc46885f2,hadoop.security.groups.cache.secs,org.apache.hadoop.security.TestGroupsCaching#testGroupsCaching,1,GOOD,PASS
https://github.com/apache/hadoop.git,a3b9c37a397ad4188041dd80621bdeefc46885f2,hadoop.security.groups.cache.secs,org.apache.hadoop.security.TestGroupsCaching#testGroupsCaching,200,GOOD,PASS
https://github.com/apache/hadoop.git,a3b9c37a397ad4188041dd80621bdeefc46885f2,hadoop.security.groups.cache.secs,org.apache.hadoop.security.TestGroupsCaching#testGroupsCaching,300,GOOD,PASS
https://github.com/apache/hadoop.git,a3b9c37a397ad4188041dd80621bdeefc46885f2,hadoop.security.groups.cache.secs,org.apache.hadoop.security.TestGroupsCaching#testGroupsCaching,0,BAD,FAIL
https://github.com/apache/hadoop.git,a3b9c37a397ad4188041dd80621bdeefc46885f2,hadoop.security.groups.cache.secs,org.apache.hadoop.security.TestGroupsCaching#testGroupsCaching,-1,BAD,FAIL
https://github.com/apache/hadoop.git,a3b9c37a397ad4188041dd80621bdeefc46885f2,hadoop.user.group.static.mapping.overrides,org.apache.hadoop.security.TestGroupsCaching#testGroupsCaching,dr.who=;,GOOD,PASS
https://github.com/apache/hadoop.git,a3b9c37a397ad4188041dd80621bdeefc46885f2,hadoop.user.group.static.mapping.overrides,org.apache.hadoop.security.TestGroupsCaching#testGroupsCaching,user1=group1;,GOOD,PASS
https://github.com/apache/hadoop.git,a3b9c37a397ad4188041dd80621bdeefc46885f2,hadoop.user.group.static.mapping.overrides,org.apache.hadoop.security.TestGroupsCaching#testGroupsCaching,user3=group2;,GOOD,PASS
https://github.com/apache/hadoop.git,a3b9c37a397ad4188041dd80621bdeefc46885f2,hadoop.security.groups.cache.background.reload,org.apache.hadoop.security.TestGroupsCaching#testGroupsCaching,true,GOOD,PASS
https://github.com/apache/hadoop.git,a3b9c37a397ad4188041dd80621bdeefc46885f2,hadoop.security.groups.cache.background.reload,org.apache.hadoop.security.TestGroupsCaching#testGroupsCaching,false,GOOD,PASS
https://github.com/apache/hadoop.git,a3b9c37a397ad4188041dd80621bdeefc46885f2,hadoop.security.groups.cache.warn.after.ms,org.apache.hadoop.security.TestGroupsCaching#testGroupsCaching,0,GOOD,PASS
https://github.com/apache/hadoop.git,a3b9c37a397ad4188041dd80621bdeefc46885f2,hadoop.security.groups.cache.warn.after.ms,org.apache.hadoop.security.TestGroupsCaching#testGroupsCaching,-1,GOOD,PASS
https://github.com/apache/hadoop.git,a3b9c37a397ad4188041dd80621bdeefc46885f2,hadoop.security.groups.cache.warn.after.ms,org.apache.hadoop.security.TestGroupsCaching#testGroupsCaching,10,GOOD,PASS
https://github.com/apache/hadoop.git,a3b9c37a397ad4188041dd80621bdeefc46885f2,hadoop.security.groups.shell.command.timeout,org.apache.hadoop.security.TestGroupsCaching#testGroupsCaching,0s,GOOD,PASS
https://github.com/apache/hadoop.git,a3b9c37a397ad4188041dd80621bdeefc46885f2,hadoop.security.groups.shell.command.timeout,org.apache.hadoop.security.TestGroupsCaching#testGroupsCaching,10s,GOOD,PASS
https://github.com/apache/hadoop.git,a3b9c37a397ad4188041dd80621bdeefc46885f2,hadoop.security.groups.shell.command.timeout,org.apache.hadoop.security.TestGroupsCaching#testGroupsCaching,1m,GOOD,PASS
https://github.com/apache/hadoop.git,a3b9c37a397ad4188041dd80621bdeefc46885f2,hadoop.security.groups.shell.command.timeout,org.apache.hadoop.security.TestGroupsCaching#testGroupsCaching,-1s,GOOD,PASS
https://github.com/apache/hadoop.git,a3b9c37a397ad4188041dd80621bdeefc46885f2,hadoop.security.groups.shell.command.timeout,org.apache.hadoop.security.TestGroupsCaching#testGroupsCaching,1x,BAD,FAIL
https://github.com/apache/hadoop.git,a3b9c37a397ad4188041dd80621bdeefc46885f2,hadoop.rpc.protection,org.apache.hadoop.security.TestAuthenticationFilter#testConfiguration,authentication,GOOD,PASS
https://github.com/apache/hadoop.git,a3b9c37a397ad4188041dd80621bdeefc46885f2,hadoop.rpc.protection,org.apache.hadoop.security.TestAuthenticationFilter#testConfiguration,integrity,GOOD,PASS
https://github.com/apache/hadoop.git,a3b9c37a397ad4188041dd80621bdeefc46885f2,hadoop.rpc.protection,org.apache.hadoop.security.TestAuthenticationFilter#testConfiguration,privacy,GOOD,PASS
https://github.com/apache/hadoop.git,a3b9c37a397ad4188041dd80621bdeefc46885f2,hadoop.rpc.protection,org.apache.hadoop.security.TestAuthenticationFilter#testConfiguration,abc,BAD,FAIL
https://github.com/apache/hadoop.git,a3b9c37a397ad4188041dd80621bdeefc46885f2,ha.failover-controller.graceful-fence.connection.retries,org.apache.hadoop.ha.TestFailoverController#testFailoverWithoutPermission,0,GOOD,PASS
https://github.com/apache/hadoop.git,a3b9c37a397ad4188041dd80621bdeefc46885f2,ha.failover-controller.graceful-fence.connection.retries,org.apache.hadoop.ha.TestFailoverController#testFailoverWithoutPermission,-1,GOOD,PASS
https://github.com/apache/hadoop.git,a3b9c37a397ad4188041dd80621bdeefc46885f2,ha.failover-controller.graceful-fence.connection.retries,org.apache.hadoop.ha.TestFailoverController#testFailoverWithoutPermission,1,GOOD,PASS
https://github.com/apache/hadoop.git,a3b9c37a397ad4188041dd80621bdeefc46885f2,ha.failover-controller.graceful-fence.connection.retries,org.apache.hadoop.ha.TestFailoverController#testFailoverWithoutPermission,10000000000,BAD,FAIL
https://github.com/apache/hadoop.git,a3b9c37a397ad4188041dd80621bdeefc46885f2,ha.failover-controller.graceful-fence.connection.retries,org.apache.hadoop.ha.TestFailoverController#testFailoverWithoutPermission,abc,BAD,FAIL
https://github.com/apache/hadoop.git,a3b9c37a397ad4188041dd80621bdeefc46885f2,ha.failover-controller.new-active.rpc-timeout.ms,org.apache.hadoop.ha.TestFailoverController#testFailoverWithoutPermission,-1,GOOD,PASS
https://github.com/apache/hadoop.git,a3b9c37a397ad4188041dd80621bdeefc46885f2,ha.failover-controller.new-active.rpc-timeout.ms,org.apache.hadoop.ha.TestFailoverController#testFailoverWithoutPermission,0,GOOD,PASS
https://github.com/apache/hadoop.git,a3b9c37a397ad4188041dd80621bdeefc46885f2,ha.failover-controller.new-active.rpc-timeout.ms,org.apache.hadoop.ha.TestFailoverController#testFailoverWithoutPermission,1,GOOD,PASS
https://github.com/apache/hadoop.git,a3b9c37a397ad4188041dd80621bdeefc46885f2,ha.failover-controller.new-active.rpc-timeout.ms,org.apache.hadoop.ha.TestFailoverController#testFailoverWithoutPermission,10000000000,BAD,FAIL
https://github.com/apache/hadoop.git,a3b9c37a397ad4188041dd80621bdeefc46885f2,ha.failover-controller.new-active.rpc-timeout.ms,org.apache.hadoop.ha.TestFailoverController#testFailoverWithoutPermission,abc,BAD,FAIL
https://github.com/apache/hadoop.git,a3b9c37a397ad4188041dd80621bdeefc46885f2,ha.failover-controller.graceful-fence.rpc-timeout.ms,org.apache.hadoop.ha.TestFailoverController#testFailoverWithoutPermission,-1,GOOD,PASS
https://github.com/apache/hadoop.git,a3b9c37a397ad4188041dd80621bdeefc46885f2,ha.failover-controller.graceful-fence.rpc-timeout.ms,org.apache.hadoop.ha.TestFailoverController#testFailoverWithoutPermission,0,GOOD,PASS
https://github.com/apache/hadoop.git,a3b9c37a397ad4188041dd80621bdeefc46885f2,ha.failover-controller.graceful-fence.rpc-timeout.ms,org.apache.hadoop.ha.TestFailoverController#testFailoverWithoutPermission,1,GOOD,PASS
https://github.com/apache/hadoop.git,a3b9c37a397ad4188041dd80621bdeefc46885f2,hadoop.security.groups.cache.background.reload.threads,org.apache.hadoop.security.TestGroupFallback#testNetgroupWithFallback,0,GOOD,PASS
https://github.com/apache/hadoop.git,a3b9c37a397ad4188041dd80621bdeefc46885f2,hadoop.security.groups.cache.background.reload.threads,org.apache.hadoop.security.TestGroupFallback#testNetgroupWithFallback,4,GOOD,PASS
https://github.com/apache/hadoop.git,a3b9c37a397ad4188041dd80621bdeefc46885f2,hadoop.security.groups.cache.background.reload.threads,org.apache.hadoop.security.TestGroupFallback#testNetgroupWithFallback,6,GOOD,PASS
https://github.com/apache/hadoop.git,a3b9c37a397ad4188041dd80621bdeefc46885f2,hadoop.security.groups.cache.secs,org.apache.hadoop.security.TestGroupFallback#testNetgroupWithFallback,10,GOOD,PASS
https://github.com/apache/hadoop.git,a3b9c37a397ad4188041dd80621bdeefc46885f2,hadoop.security.groups.cache.secs,org.apache.hadoop.security.TestGroupFallback#testNetgroupWithFallback,4,GOOD,PASS
https://github.com/apache/hadoop.git,a3b9c37a397ad4188041dd80621bdeefc46885f2,hadoop.security.groups.cache.secs,org.apache.hadoop.security.TestGroupFallback#testNetgroupWithFallback,20,GOOD,PASS
https://github.com/apache/hadoop.git,a3b9c37a397ad4188041dd80621bdeefc46885f2,hadoop.user.group.static.mapping.overrides,org.apache.hadoop.security.TestGroupFallback#testNetgroupWithFallback,u1=g1;u2=;u3=g4;,GOOD,PASS
https://github.com/apache/hadoop.git,a3b9c37a397ad4188041dd80621bdeefc46885f2,hadoop.user.group.static.mapping.overrides,org.apache.hadoop.security.TestGroupFallback#testNetgroupWithFallback,u1=g1;u3=g4;,GOOD,PASS
https://github.com/apache/hadoop.git,a3b9c37a397ad4188041dd80621bdeefc46885f2,hadoop.user.group.static.mapping.overrides,org.apache.hadoop.security.TestGroupFallback#testNetgroupWithFallback,u1=g1,GOOD,PASS
https://github.com/apache/hadoop.git,a3b9c37a397ad4188041dd80621bdeefc46885f2,hadoop.security.groups.cache.background.reload,org.apache.hadoop.security.TestGroupFallback#testNetgroupWithFallback,false,GOOD,PASS
https://github.com/apache/hadoop.git,a3b9c37a397ad4188041dd80621bdeefc46885f2,hadoop.security.groups.cache.background.reload,org.apache.hadoop.security.TestGroupFallback#testNetgroupWithFallback,true,GOOD,PASS
https://github.com/apache/hadoop.git,a3b9c37a397ad4188041dd80621bdeefc46885f2,hadoop.security.groups.negative-cache.secs,org.apache.hadoop.security.TestGroupFallback#testNetgroupWithFallback,-10,GOOD,PASS
https://github.com/apache/hadoop.git,a3b9c37a397ad4188041dd80621bdeefc46885f2,hadoop.security.groups.negative-cache.secs,org.apache.hadoop.security.TestGroupFallback#testNetgroupWithFallback,-5,GOOD,PASS
https://github.com/apache/hadoop.git,a3b9c37a397ad4188041dd80621bdeefc46885f2,hadoop.security.groups.negative-cache.secs,org.apache.hadoop.security.TestGroupFallback#testNetgroupWithFallback,5,GOOD,PASS
https://github.com/apache/hadoop.git,a3b9c37a397ad4188041dd80621bdeefc46885f2,hadoop.security.groups.cache.warn.after.ms,org.apache.hadoop.security.TestGroupFallback#testNetgroupWithFallback,0,GOOD,PASS
https://github.com/apache/hadoop.git,a3b9c37a397ad4188041dd80621bdeefc46885f2,hadoop.security.groups.cache.warn.after.ms,org.apache.hadoop.security.TestGroupFallback#testNetgroupWithFallback,10,GOOD,PASS
https://github.com/apache/hadoop.git,a3b9c37a397ad4188041dd80621bdeefc46885f2,hadoop.security.groups.cache.warn.after.ms,org.apache.hadoop.security.TestGroupFallback#testNetgroupWithFallback,1,GOOD,PASS
https://github.com/apache/hadoop.git,a3b9c37a397ad4188041dd80621bdeefc46885f2,hadoop.security.groups.cache.secs,org.apache.hadoop.security.TestGroupFallback#testNetgroupWithFallback,-10,BAD,FAIL
https://github.com/apache/hadoop.git,a3b9c37a397ad4188041dd80621bdeefc46885f2,hadoop.security.groups.cache.background.reload.threads,org.apache.hadoop.security.TestGroupFallback#testGroupWithFallback,1,GOOD,PASS
https://github.com/apache/hadoop.git,a3b9c37a397ad4188041dd80621bdeefc46885f2,hadoop.security.groups.cache.background.reload.threads,org.apache.hadoop.security.TestGroupFallback#testGroupWithFallback,2,GOOD,PASS
https://github.com/apache/hadoop.git,a3b9c37a397ad4188041dd80621bdeefc46885f2,hadoop.security.groups.cache.background.reload.threads,org.apache.hadoop.security.TestGroupFallback#testGroupWithFallback,7,GOOD,PASS
https://github.com/apache/hadoop.git,a3b9c37a397ad4188041dd80621bdeefc46885f2,hadoop.security.groups.cache.secs,org.apache.hadoop.security.TestGroupFallback#testGroupWithFallback,10,GOOD,PASS
https://github.com/apache/hadoop.git,a3b9c37a397ad4188041dd80621bdeefc46885f2,hadoop.security.groups.cache.secs,org.apache.hadoop.security.TestGroupFallback#testGroupWithFallback,40,GOOD,PASS
https://github.com/apache/hadoop.git,a3b9c37a397ad4188041dd80621bdeefc46885f2,hadoop.security.groups.cache.secs,org.apache.hadoop.security.TestGroupFallback#testGroupWithFallback,22,GOOD,PASS
https://github.com/apache/hadoop.git,a3b9c37a397ad4188041dd80621bdeefc46885f2,hadoop.user.group.static.mapping.overrides,org.apache.hadoop.security.TestGroupFallback#testGroupWithFallback,"u5=g2,g4,g7;u2=g1,g2,g9;u5=;",GOOD,PASS
https://github.com/apache/hadoop.git,a3b9c37a397ad4188041dd80621bdeefc46885f2,hadoop.user.group.static.mapping.overrides,org.apache.hadoop.security.TestGroupFallback#testGroupWithFallback,"u5=g2,g4,g7;u2=g1,g2,g9;",GOOD,PASS
https://github.com/apache/hadoop.git,a3b9c37a397ad4188041dd80621bdeefc46885f2,hadoop.user.group.static.mapping.overrides,org.apache.hadoop.security.TestGroupFallback#testGroupWithFallback,"u5=g2,g4,g7;",GOOD,PASS
https://github.com/apache/hadoop.git,a3b9c37a397ad4188041dd80621bdeefc46885f2,hadoop.security.groups.cache.background.reload,org.apache.hadoop.security.TestGroupFallback#testGroupWithFallback,false,GOOD,PASS
https://github.com/apache/hadoop.git,a3b9c37a397ad4188041dd80621bdeefc46885f2,hadoop.security.groups.cache.background.reload,org.apache.hadoop.security.TestGroupFallback#testGroupWithFallback,true,GOOD,PASS
https://github.com/apache/hadoop.git,a3b9c37a397ad4188041dd80621bdeefc46885f2,hadoop.security.groups.negative-cache.secs,org.apache.hadoop.security.TestGroupFallback#testGroupWithFallback,0,GOOD,PASS
https://github.com/apache/hadoop.git,a3b9c37a397ad4188041dd80621bdeefc46885f2,hadoop.security.groups.negative-cache.secs,org.apache.hadoop.security.TestGroupFallback#testGroupWithFallback,20,GOOD,PASS
https://github.com/apache/hadoop.git,a3b9c37a397ad4188041dd80621bdeefc46885f2,hadoop.security.groups.negative-cache.secs,org.apache.hadoop.security.TestGroupFallback#testGroupWithFallback,35,GOOD,PASS
https://github.com/apache/hadoop.git,a3b9c37a397ad4188041dd80621bdeefc46885f2,hadoop.security.groups.cache.warn.after.ms,org.apache.hadoop.security.TestGroupFallback#testGroupWithFallback,5,GOOD,PASS
https://github.com/apache/hadoop.git,a3b9c37a397ad4188041dd80621bdeefc46885f2,hadoop.security.groups.cache.warn.after.ms,org.apache.hadoop.security.TestGroupFallback#testGroupWithFallback,30,GOOD,PASS
https://github.com/apache/hadoop.git,a3b9c37a397ad4188041dd80621bdeefc46885f2,hadoop.security.groups.cache.warn.after.ms,org.apache.hadoop.security.TestGroupFallback#testGroupWithFallback,12,GOOD,PASS
https://github.com/apache/hadoop.git,a3b9c37a397ad4188041dd80621bdeefc46885f2,hadoop.user.group.static.mapping.overrides,org.apache.hadoop.security.TestGroupFallback#testGroupWithFallback,=;,BAD,FAIL
https://github.com/apache/hadoop.git,a3b9c37a397ad4188041dd80621bdeefc46885f2,hadoop.security.groups.cache.background.reload.threads,org.apache.hadoop.security.TestGroupFallback#testNetgroupShell,8,GOOD,PASS
https://github.com/apache/hadoop.git,a3b9c37a397ad4188041dd80621bdeefc46885f2,hadoop.security.groups.cache.background.reload.threads,org.apache.hadoop.security.TestGroupFallback#testNetgroupShell,5,GOOD,PASS
https://github.com/apache/hadoop.git,a3b9c37a397ad4188041dd80621bdeefc46885f2,hadoop.security.groups.cache.background.reload.threads,org.apache.hadoop.security.TestGroupFallback#testNetgroupShell,10,GOOD,PASS
https://github.com/apache/hadoop.git,a3b9c37a397ad4188041dd80621bdeefc46885f2,hadoop.security.groups.cache.secs,org.apache.hadoop.security.TestGroupFallback#testNetgroupShell,17,GOOD,PASS
https://github.com/apache/hadoop.git,a3b9c37a397ad4188041dd80621bdeefc46885f2,hadoop.security.groups.cache.secs,org.apache.hadoop.security.TestGroupFallback#testNetgroupShell,134,GOOD,PASS
https://github.com/apache/hadoop.git,a3b9c37a397ad4188041dd80621bdeefc46885f2,hadoop.security.groups.cache.secs,org.apache.hadoop.security.TestGroupFallback#testNetgroupShell,79,GOOD,PASS
https://github.com/apache/hadoop.git,a3b9c37a397ad4188041dd80621bdeefc46885f2,hadoop.user.group.static.mapping.overrides,org.apache.hadoop.security.TestGroupFallback#testNetgroupShell,"u7=;u1=g8,g10,g1;u2=;u5=g6;",GOOD,PASS
https://github.com/apache/hadoop.git,a3b9c37a397ad4188041dd80621bdeefc46885f2,hadoop.user.group.static.mapping.overrides,org.apache.hadoop.security.TestGroupFallback#testNetgroupShell,"u7=;u1=g8,g10,g1;u2=;",GOOD,PASS
https://github.com/apache/hadoop.git,a3b9c37a397ad4188041dd80621bdeefc46885f2,hadoop.user.group.static.mapping.overrides,org.apache.hadoop.security.TestGroupFallback#testNetgroupShell,"u1=g8,g10,g1;u2=;",GOOD,PASS
https://github.com/apache/hadoop.git,a3b9c37a397ad4188041dd80621bdeefc46885f2,hadoop.security.groups.cache.background.reload,org.apache.hadoop.security.TestGroupFallback#testNetgroupShell,true,GOOD,PASS
https://github.com/apache/hadoop.git,a3b9c37a397ad4188041dd80621bdeefc46885f2,hadoop.security.groups.cache.background.reload,org.apache.hadoop.security.TestGroupFallback#testNetgroupShell,false,GOOD,PASS
https://github.com/apache/hadoop.git,a3b9c37a397ad4188041dd80621bdeefc46885f2,hadoop.security.groups.negative-cache.secs,org.apache.hadoop.security.TestGroupFallback#testNetgroupShell,1,GOOD,PASS
https://github.com/apache/hadoop.git,a3b9c37a397ad4188041dd80621bdeefc46885f2,hadoop.security.groups.negative-cache.secs,org.apache.hadoop.security.TestGroupFallback#testNetgroupShell,-3,GOOD,PASS
https://github.com/apache/hadoop.git,a3b9c37a397ad4188041dd80621bdeefc46885f2,hadoop.security.groups.negative-cache.secs,org.apache.hadoop.security.TestGroupFallback#testNetgroupShell,-100,GOOD,PASS
https://github.com/apache/hadoop.git,a3b9c37a397ad4188041dd80621bdeefc46885f2,hadoop.security.groups.cache.warn.after.ms,org.apache.hadoop.security.TestGroupFallback#testNetgroupShell,33,GOOD,PASS
https://github.com/apache/hadoop.git,a3b9c37a397ad4188041dd80621bdeefc46885f2,hadoop.security.groups.cache.warn.after.ms,org.apache.hadoop.security.TestGroupFallback#testNetgroupShell,66,GOOD,PASS
https://github.com/apache/hadoop.git,a3b9c37a397ad4188041dd80621bdeefc46885f2,hadoop.security.groups.cache.warn.after.ms,org.apache.hadoop.security.TestGroupFallback#testNetgroupShell,11,GOOD,PASS
https://github.com/apache/hadoop.git,a3b9c37a397ad4188041dd80621bdeefc46885f2,hadoop.security.groups.shell.command.timeout,org.apache.hadoop.security.TestGroupFallback#testNetgroupShell,10s,GOOD,PASS
https://github.com/apache/hadoop.git,a3b9c37a397ad4188041dd80621bdeefc46885f2,hadoop.security.groups.shell.command.timeout,org.apache.hadoop.security.TestGroupFallback#testNetgroupShell,15s,GOOD,PASS
https://github.com/apache/hadoop.git,a3b9c37a397ad4188041dd80621bdeefc46885f2,hadoop.security.groups.shell.command.timeout,org.apache.hadoop.security.TestGroupFallback#testNetgroupShell,20s,GOOD,PASS
https://github.com/apache/hadoop.git,a3b9c37a397ad4188041dd80621bdeefc46885f2,hadoop.security.groups.shell.command.timeout,org.apache.hadoop.security.TestGroupFallback#testNetgroupShell,10ms,BAD,FAIL
https://github.com/apache/hadoop.git,a3b9c37a397ad4188041dd80621bdeefc46885f2,hadoop.security.groups.cache.background.reload.threads,org.apache.hadoop.security.TestGroupFallback#testGroupShell,12,GOOD,PASS
https://github.com/apache/hadoop.git,a3b9c37a397ad4188041dd80621bdeefc46885f2,hadoop.security.groups.cache.background.reload.threads,org.apache.hadoop.security.TestGroupFallback#testGroupShell,2,GOOD,PASS
https://github.com/apache/hadoop.git,a3b9c37a397ad4188041dd80621bdeefc46885f2,hadoop.security.groups.cache.background.reload.threads,org.apache.hadoop.security.TestGroupFallback#testGroupShell,0,GOOD,PASS
https://github.com/apache/hadoop.git,a3b9c37a397ad4188041dd80621bdeefc46885f2,hadoop.security.groups.cache.secs,org.apache.hadoop.security.TestGroupFallback#testGroupShell,1,GOOD,PASS
https://github.com/apache/hadoop.git,a3b9c37a397ad4188041dd80621bdeefc46885f2,hadoop.security.groups.cache.secs,org.apache.hadoop.security.TestGroupFallback#testGroupShell,56,GOOD,PASS
https://github.com/apache/hadoop.git,a3b9c37a397ad4188041dd80621bdeefc46885f2,hadoop.security.groups.cache.secs,org.apache.hadoop.security.TestGroupFallback#testGroupShell,44,GOOD,PASS
https://github.com/apache/hadoop.git,a3b9c37a397ad4188041dd80621bdeefc46885f2,hadoop.user.group.static.mapping.overrides,org.apache.hadoop.security.TestGroupFallback#testGroupShell,u5=;,GOOD,PASS
https://github.com/apache/hadoop.git,a3b9c37a397ad4188041dd80621bdeefc46885f2,hadoop.user.group.static.mapping.overrides,org.apache.hadoop.security.TestGroupFallback#testGroupShell,"u10=g1,g7;u1=g7,g1;u2=;",GOOD,PASS
https://github.com/apache/hadoop.git,a3b9c37a397ad4188041dd80621bdeefc46885f2,hadoop.user.group.static.mapping.overrides,org.apache.hadoop.security.TestGroupFallback#testGroupShell,"u10=g1,g7;u1=g7,g1;",GOOD,PASS
https://github.com/apache/hadoop.git,a3b9c37a397ad4188041dd80621bdeefc46885f2,hadoop.security.groups.cache.background.reload,org.apache.hadoop.security.TestGroupFallback#testGroupShell,true,GOOD,PASS
https://github.com/apache/hadoop.git,a3b9c37a397ad4188041dd80621bdeefc46885f2,hadoop.security.groups.cache.background.reload,org.apache.hadoop.security.TestGroupFallback#testGroupShell,false,GOOD,PASS
https://github.com/apache/hadoop.git,a3b9c37a397ad4188041dd80621bdeefc46885f2,hadoop.security.groups.negative-cache.secs,org.apache.hadoop.security.TestGroupFallback#testGroupShell,99,GOOD,PASS
https://github.com/apache/hadoop.git,a3b9c37a397ad4188041dd80621bdeefc46885f2,hadoop.security.groups.negative-cache.secs,org.apache.hadoop.security.TestGroupFallback#testGroupShell,-98,GOOD,PASS
https://github.com/apache/hadoop.git,a3b9c37a397ad4188041dd80621bdeefc46885f2,hadoop.security.groups.negative-cache.secs,org.apache.hadoop.security.TestGroupFallback#testGroupShell,100,GOOD,PASS
https://github.com/apache/hadoop.git,a3b9c37a397ad4188041dd80621bdeefc46885f2,hadoop.security.groups.cache.warn.after.ms,org.apache.hadoop.security.TestGroupFallback#testGroupShell,9,GOOD,PASS
https://github.com/apache/hadoop.git,a3b9c37a397ad4188041dd80621bdeefc46885f2,hadoop.security.groups.cache.warn.after.ms,org.apache.hadoop.security.TestGroupFallback#testGroupShell,8,GOOD,PASS
https://github.com/apache/hadoop.git,a3b9c37a397ad4188041dd80621bdeefc46885f2,hadoop.security.groups.cache.warn.after.ms,org.apache.hadoop.security.TestGroupFallback#testGroupShell,7,GOOD,PASS
https://github.com/apache/hadoop.git,a3b9c37a397ad4188041dd80621bdeefc46885f2,hadoop.security.groups.shell.command.timeout,org.apache.hadoop.security.TestGroupFallback#testGroupShell,1s,GOOD,PASS
https://github.com/apache/hadoop.git,a3b9c37a397ad4188041dd80621bdeefc46885f2,hadoop.security.groups.shell.command.timeout,org.apache.hadoop.security.TestGroupFallback#testGroupShell,1m,GOOD,PASS
https://github.com/apache/hadoop.git,a3b9c37a397ad4188041dd80621bdeefc46885f2,hadoop.security.groups.shell.command.timeout,org.apache.hadoop.security.TestGroupFallback#testGroupShell,10m,GOOD,PASS
https://github.com/apache/hadoop.git,a3b9c37a397ad4188041dd80621bdeefc46885f2,hadoop.security.groups.shell.command.timeout,org.apache.hadoop.security.TestGroupFallback#testGroupShell,5ps,BAD,FAIL
https://github.com/apache/hadoop.git,a3b9c37a397ad4188041dd80621bdeefc46885f2,hadoop.security.groups.cache.background.reload.threads,org.apache.hadoop.security.TestCompositeGroupMapping#TestMultipleGroupsMappingWithoutCombined,6,GOOD,PASS
https://github.com/apache/hadoop.git,a3b9c37a397ad4188041dd80621bdeefc46885f2,hadoop.security.groups.cache.background.reload.threads,org.apache.hadoop.security.TestCompositeGroupMapping#TestMultipleGroupsMappingWithoutCombined,12,GOOD,PASS
https://github.com/apache/hadoop.git,a3b9c37a397ad4188041dd80621bdeefc46885f2,hadoop.security.groups.cache.background.reload.threads,org.apache.hadoop.security.TestCompositeGroupMapping#TestMultipleGroupsMappingWithoutCombined,11,GOOD,PASS
https://github.com/apache/hadoop.git,a3b9c37a397ad4188041dd80621bdeefc46885f2,hadoop.security.groups.cache.secs,org.apache.hadoop.security.TestCompositeGroupMapping#TestMultipleGroupsMappingWithoutCombined,9,GOOD,PASS
https://github.com/apache/hadoop.git,a3b9c37a397ad4188041dd80621bdeefc46885f2,hadoop.security.groups.cache.secs,org.apache.hadoop.security.TestCompositeGroupMapping#TestMultipleGroupsMappingWithoutCombined,53,GOOD,PASS
https://github.com/apache/hadoop.git,a3b9c37a397ad4188041dd80621bdeefc46885f2,hadoop.security.groups.cache.secs,org.apache.hadoop.security.TestCompositeGroupMapping#TestMultipleGroupsMappingWithoutCombined,32,GOOD,PASS
https://github.com/apache/hadoop.git,a3b9c37a397ad4188041dd80621bdeefc46885f2,hadoop.user.group.static.mapping.overrides,org.apache.hadoop.security.TestCompositeGroupMapping#TestMultipleGroupsMappingWithoutCombined,"u5=g1,g2,g3,g4,g5,g6;u6=g1,g2,g22;",GOOD,PASS
https://github.com/apache/hadoop.git,a3b9c37a397ad4188041dd80621bdeefc46885f2,hadoop.user.group.static.mapping.overrides,org.apache.hadoop.security.TestCompositeGroupMapping#TestMultipleGroupsMappingWithoutCombined,"u6=g1,g2,g22;",GOOD,PASS
https://github.com/apache/hadoop.git,a3b9c37a397ad4188041dd80621bdeefc46885f2,hadoop.user.group.static.mapping.overrides,org.apache.hadoop.security.TestCompositeGroupMapping#TestMultipleGroupsMappingWithoutCombined,"u5=g1,g2,g3,g4,g5,g6; ",GOOD,PASS
https://github.com/apache/hadoop.git,a3b9c37a397ad4188041dd80621bdeefc46885f2,hadoop.security.groups.cache.background.reload,org.apache.hadoop.security.TestCompositeGroupMapping#TestMultipleGroupsMappingWithoutCombined,false,GOOD,PASS
https://github.com/apache/hadoop.git,a3b9c37a397ad4188041dd80621bdeefc46885f2,hadoop.security.groups.cache.background.reload,org.apache.hadoop.security.TestCompositeGroupMapping#TestMultipleGroupsMappingWithoutCombined,true,GOOD,PASS
https://github.com/apache/hadoop.git,a3b9c37a397ad4188041dd80621bdeefc46885f2,hadoop.security.groups.negative-cache.secs,org.apache.hadoop.security.TestCompositeGroupMapping#TestMultipleGroupsMappingWithoutCombined,-175,GOOD,PASS
https://github.com/apache/hadoop.git,a3b9c37a397ad4188041dd80621bdeefc46885f2,hadoop.security.groups.negative-cache.secs,org.apache.hadoop.security.TestCompositeGroupMapping#TestMultipleGroupsMappingWithoutCombined,-230,GOOD,PASS
https://github.com/apache/hadoop.git,a3b9c37a397ad4188041dd80621bdeefc46885f2,hadoop.security.groups.negative-cache.secs,org.apache.hadoop.security.TestCompositeGroupMapping#TestMultipleGroupsMappingWithoutCombined,3,GOOD,PASS
https://github.com/apache/hadoop.git,a3b9c37a397ad4188041dd80621bdeefc46885f2,hadoop.security.groups.cache.warn.after.ms,org.apache.hadoop.security.TestCompositeGroupMapping#TestMultipleGroupsMappingWithoutCombined,12,GOOD,PASS
https://github.com/apache/hadoop.git,a3b9c37a397ad4188041dd80621bdeefc46885f2,hadoop.security.groups.cache.warn.after.ms,org.apache.hadoop.security.TestCompositeGroupMapping#TestMultipleGroupsMappingWithoutCombined,21,GOOD,PASS
https://github.com/apache/hadoop.git,a3b9c37a397ad4188041dd80621bdeefc46885f2,hadoop.security.groups.cache.warn.after.ms,org.apache.hadoop.security.TestCompositeGroupMapping#TestMultipleGroupsMappingWithoutCombined,2,GOOD,PASS
https://github.com/apache/hadoop.git,a3b9c37a397ad4188041dd80621bdeefc46885f2,hadoop.user.group.static.mapping.overrides,org.apache.hadoop.security.TestCompositeGroupMapping#TestMultipleGroupsMappingWithoutCombined,u1=u2=u3;,BAD,FAIL
https://github.com/apache/hadoop.git,a3b9c37a397ad4188041dd80621bdeefc46885f2,hadoop.ssl.enabled.protocols,org.apache.hadoop.security.ssl.TestSSLFactory#testServerWeakCiphers,TLSv1.2,GOOD,PASS
https://github.com/apache/hadoop.git,a3b9c37a397ad4188041dd80621bdeefc46885f2,hadoop.ssl.enabled.protocols,org.apache.hadoop.security.ssl.TestSSLFactory#testServerWeakCiphers,TLSv1.1,GOOD,FAIL
https://github.com/apache/hadoop.git,a3b9c37a397ad4188041dd80621bdeefc46885f2,hadoop.ssl.enabled.protocols,org.apache.hadoop.security.ssl.TestSSLFactory#testServerWeakCiphers,TLSv1,GOOD,FAIL
https://github.com/apache/hadoop.git,a3b9c37a397ad4188041dd80621bdeefc46885f2,hadoop.ssl.enabled.protocols,org.apache.hadoop.security.ssl.TestSSLFactory#testServerWeakCiphers,TLSv2,GOOD,FAIL
https://github.com/apache/hadoop.git,a3b9c37a397ad4188041dd80621bdeefc46885f2,hadoop.ssl.enabled.protocols,org.apache.hadoop.security.ssl.TestSSLFactory#testServerWeakCiphers,RANDOM,BAD,FAIL
https://github.com/apache/hadoop.git,a3b9c37a397ad4188041dd80621bdeefc46885f2,hadoop.ssl.keystores.factory.class,org.apache.hadoop.security.ssl.TestSSLFactory#testServerWeakCiphers,org.apache.hadoop.security.ssl.FileBasedKeyStoresFactory,GOOD,PASS
https://github.com/apache/hadoop.git,a3b9c37a397ad4188041dd80621bdeefc46885f2,hadoop.ssl.keystores.factory.class,org.apache.hadoop.security.ssl.TestSSLFactory#testServerWeakCiphers,org.apache.hadoop.security.ssl.KeyStoresFactory,GOOD,FAIL
https://github.com/apache/hadoop.git,a3b9c37a397ad4188041dd80621bdeefc46885f2,hadoop.ssl.keystores.factory.class,org.apache.hadoop.security.ssl.TestSSLFactory#testServerWeakCiphers,org.apache.hadoop.security.ssl.DelegatingSSLSocketFactory,BAD,FAIL
https://github.com/apache/hadoop.git,a3b9c37a397ad4188041dd80621bdeefc46885f2,hadoop.ssl.keystores.factory.class,org.apache.hadoop.security.ssl.TestSSLFactory#testServerWeakCiphers,org.apache.hadoop.security.ssl.NotAFactoryClass,BAD,FAIL
https://github.com/apache/hadoop.git,a3b9c37a397ad4188041dd80621bdeefc46885f2,hadoop.security.credential.clear-text-fallback,org.apache.hadoop.security.ssl.TestSSLFactory#testServerWeakCiphers,true,GOOD,PASS
https://github.com/apache/hadoop.git,a3b9c37a397ad4188041dd80621bdeefc46885f2,hadoop.security.credential.clear-text-fallback,org.apache.hadoop.security.ssl.TestSSLFactory#testServerWeakCiphers,false,GOOD,PASS
https://github.com/apache/hadoop.git,a3b9c37a397ad4188041dd80621bdeefc46885f2,hadoop.security.credential.provider.path,org.apache.hadoop.security.ssl.TestSSLFactory#testServerWeakCiphers,,GOOD,PASS
https://github.com/apache/hadoop.git,a3b9c37a397ad4188041dd80621bdeefc46885f2,hadoop.security.credential.provider.path,org.apache.hadoop.security.ssl.TestSSLFactory#testServerWeakCiphers,random_dir,GOOD,PASS
https://github.com/apache/hadoop.git,a3b9c37a397ad4188041dd80621bdeefc46885f2,hadoop.security.credential.provider.path,org.apache.hadoop.security.ssl.TestSSLFactory#testServerWeakCiphers,"dir1,dir2,dir3",GOOD,PASS
https://github.com/apache/hadoop.git,a3b9c37a397ad4188041dd80621bdeefc46885f2,hadoop.security.crypto.cipher.suite,org.apache.hadoop.crypto.TestCryptoStreamsWithJceAesCtrCryptoCodec#testRead,AES/CTR/NoPadding,GOOD,PASS
https://github.com/apache/hadoop.git,a3b9c37a397ad4188041dd80621bdeefc46885f2,hadoop.security.crypto.cipher.suite,org.apache.hadoop.crypto.TestCryptoStreamsWithJceAesCtrCryptoCodec#testRead,AES/CTR/Padding,BAD,FAIL
https://github.com/apache/hadoop.git,a3b9c37a397ad4188041dd80621bdeefc46885f2,hadoop.security.java.secure.random.algorithm,org.apache.hadoop.crypto.TestCryptoStreamsWithJceAesCtrCryptoCodec#testRead,SHA1PRNG,GOOD,PASS
https://github.com/apache/hadoop.git,a3b9c37a397ad4188041dd80621bdeefc46885f2,hadoop.security.java.secure.random.algorithm,org.apache.hadoop.crypto.TestCryptoStreamsWithJceAesCtrCryptoCodec#testRead,MD5,BAD,PASS
https://github.com/apache/hadoop.git,a3b9c37a397ad4188041dd80621bdeefc46885f2,hadoop.security.java.secure.random.algorithm,org.apache.hadoop.crypto.TestCryptoStreamsWithJceAesCtrCryptoCodec#testRead,RANDOM,BAD,FAIL
https://github.com/apache/hadoop.git,a3b9c37a397ad4188041dd80621bdeefc46885f2,hadoop.security.crypto.jce.provider,org.apache.hadoop.crypto.TestCryptoStreamsWithJceAesCtrCryptoCodec#testRead,,GOOD,PASS
https://github.com/apache/hadoop.git,a3b9c37a397ad4188041dd80621bdeefc46885f2,hadoop.security.crypto.jce.provider,org.apache.hadoop.crypto.TestCryptoStreamsWithJceAesCtrCryptoCodec#testRead,InvalidProvider,BAD,FAIL
https://github.com/apache/hadoop.git,a3b9c37a397ad4188041dd80621bdeefc46885f2,io.erasurecode.codec.rs.rawcoders,org.apache.hadoop.io.erasurecode.coder.TestRSErasureCoder#testCodingBothBuffers_10x4_erasing_d0_p0,"rs_native,rs_java",GOOD,PASS
https://github.com/apache/hadoop.git,a3b9c37a397ad4188041dd80621bdeefc46885f2,io.erasurecode.codec.rs.rawcoders,org.apache.hadoop.io.erasurecode.coder.TestRSErasureCoder#testCodingBothBuffers_10x4_erasing_d0_p0,"rs_native,unavailable,rs_java",GOOD,PASS
https://github.com/apache/hadoop.git,a3b9c37a397ad4188041dd80621bdeefc46885f2,io.erasurecode.codec.rs.rawcoders,org.apache.hadoop.io.erasurecode.coder.TestRSErasureCoder#testCodingBothBuffers_10x4_erasing_d0_p0,"unavailable,rs_native,rs_java",GOOD,PASS
https://github.com/apache/hadoop.git,a3b9c37a397ad4188041dd80621bdeefc46885f2,io.erasurecode.codec.rs.rawcoders,org.apache.hadoop.io.erasurecode.coder.TestRSErasureCoder#testCodingBothBuffers_10x4_erasing_d0_p0,"rs_native,rs_java,unavailable",GOOD,PASS
https://github.com/apache/hadoop.git,a3b9c37a397ad4188041dd80621bdeefc46885f2,io.erasurecode.codec.rs.rawcoders,org.apache.hadoop.io.erasurecode.coder.TestRSErasureCoder#testCodingBothBuffers_10x4_erasing_d0_p0,"unavailable,unavailable",BAD,FAIL
https://github.com/apache/hadoop.git,a3b9c37a397ad4188041dd80621bdeefc46885f2,io.erasurecode.codec.rs.rawcoders,org.apache.hadoop.io.erasurecode.coder.TestRSErasureCoder#testCodingBothBuffers_10x4_erasing_d0_p0,"rs_native",GOOD,FAIL
